Disease,Protein
D012559,P04217
D000544,Q9BQ22
D006528,Q9BQ22
D006527,Q9BQ22
D008175,Q9BQ22
D009404,Q9BQ22
D011471,Q9NRG9
D006528,Q4W5N8
D001321,P80404
D005764,P80404
D015179,Q9NP93
D006938,Q9NP93
D015179,Q8WWZ4
D015179,Q86UK0
D015179,Q86UQ4
D015179,Q99758
D006976,Q99758
D015179,P78363
C562479,P78363
D015179,Q6N017
D015179,Q8N139
D000544,Q8IZY2
C563834,Q8IZY2
D001943,Q49AI9
D015179,Q49AI9
D015179,Q8IUA7
D001943,Q6TBL4
D006528,Q6TBL4
D015179,Q6TBL4
D004938,Q6TBL4
D009447,Q6TBL4
D010300,Q6TBL4
D015179,Q9NRK6
D000347,Q53S60
D015179,Q53S60
D006528,Q75MQ5
D015179,Q75MQ5
C535932,Q75MQ5
D015179,Q2M3G0
D015179,Q9NP58
D011085,Q9NP58
D001943,P33527
D015179,P33527
D000505,Q92887
D015179,Q92887
D006932,Q92887
D007566,Q92887
D015179,Q86VN9
D015179,Q8IWU1
D004715,Q8IWU1
D011471,Q8IWU1
D015179,Q09428
D003922,Q09428
D003924,Q09428
D004715,Q8N4N7
D015179,Q9UBJ2
D015179,P28288
D015179,P61221
D015179,P45844
D001943,Q8WZ76
D015179,Q8WZ76
D011471,Q53T83
D000544,Q9P2A4
D004715,Q5JPC9
D001943,Q86Y36
D004938,Q86Y36
D015464,Q86Y36
D011471,Q9UQ67
D011471,Q12979
D002311,Q8N0Z2
D013274,Q9ULW3
D010003,P42765
D006528,Q7Z5W8
D001943,Q4G170
D009765,Q4G170
D013274,Q6ZUS0
D009765,Q5T4U5
D001321,P45954
D000544,Q3KRI5
D001145,Q3KRI5
D001321,Q3KRI5
D006528,Q3KRI5
D002446,Q3KRI5
D005776,Q3KRI5
D006976,Q3KRI5
D008175,Q3KRI5
D011225,Q3KRI5
D011471,Q3KRI5
D013274,Q3KRI5
D006976,Q9BYF1
D000544,Q6TQD3
D001943,Q6TQD3
D002292,Q6TQD3
D015179,Q6TQD3
D009765,Q6TQD3
D011471,Q6TQD3
D001749,Q6TQD3
D015179,P25106
D006528,P53396
D009765,P53396
D010003,P21399
D006528,Q71UF1
D012559,Q3I5F7
D006528,Q15067
D015451,Q9NUZ1
D009765,P13686
D011471,Q8NEB7
D009765,Q108N2
D008175,Q08AH1
D011471,Q53FZ2
D001943,Q13707
D004715,Q13707
D005317,Q13707
D006528,Q9UMN3
D004938,Q9UMN3
D008175,Q9UMN3
D010003,Q9UMN3
D002311,P68032
D013274,P68032
D010024,Q96FU6
D001943,Q53SV1
D005910,Q53SV1
D006976,P37023
D002292,Q03154
D001321,Q16073
D008175,Q16073
D008175,Q9UKQ2
D011471,Q9UKQ2
D001943,Q8N8Z9
D011471,Q13443
D000544,Q8NE26
D001943,Q8NE26
D006528,Q8NE26
D006528,Q96P40
D016553,Q96P40
D012559,Q96AY5
D011085,Q9UKP4
D011471,Q5FWF1
D003924,Q9P2N4
D001943,P55265
D010300,Q86X17
D001249,Q7RTV6
D003093,P51828
D015470,P51828
D012559,P51828
D001249,Q6S992
D006528,Q96D30
D000075222,Q96D30
D012559,Q8IZF3
D010003,Q8IZP9
D006528,Q96K78
D001289,Q9HAR2
D000437,P00325
D015179,P00325
D004938,P00325
D009765,P00325
D006528,P08319
D004938,P40394
D011471,Q9BV57
D002292,Q15848
D003924,Q15848
D009765,Q15848
D001321,P35318
D011085,P35318
D001321,Q6DHZ8
D016584,P29274
D006528,P35348
D016584,P08913
D006528,P18089
D002311,P08588
D009765,P08588
D013274,P08588
D001321,Q9BYZ0
D002311,Q9BYZ0
D009765,Q9BYZ0
D011471,Q9BYZ0
D013274,Q9BYZ0
D009765,P13945
D001321,P30566
D009765,Q8TAX5
D012559,Q8NB90
D001943,P02771
D006528,P02771
D013274,P02771
D001321,Q9UPQ3
D001249,Q71BG7
D020961,Q71BG7
D010003,Q71BG7
D001943,Q4JM47
D011471,Q4JM47
D015470,Q96QF9
D001145,Q53YY1
D000075222,Q53YY1
D005317,Q53YY1
D011225,Q53YY1
D004374,Q6NUP5
D000075222,Q6NUP5
D010911,Q6NUP5
D013274,P50052
D006527,Q1RMG2
D011471,Q96HN2
D001321,Q9NQN3
D012559,Q9NQN3
D002292,Q9BVU3
D001943,P35869
D009765,P35869
D011471,P35869
D013274,P35869
D014029,P35869
D001327,Q6QLN7
D000075222,Q5STX8
D020961,Q5STX8
D010300,Q5STX8
D014277,Q5STX8
D009103,Q5T3W0
D010003,P27144
D009765,Q92667
D012559,Q9UKA4
D001943,Q86TJ9
D002292,Q12802
D004938,Q12802
D011471,Q12802
D006528,Q5T621
D004715,P15121
D004715,Q04828
D010003,Q04828
D011085,Q04828
D006528,Q1KXY7
D004715,Q1KXY7
D010003,Q1KXY7
D011085,Q1KXY7
D004715,P42330
D009765,P42330
D011085,P42330
D011471,P42330
D013274,P42330
D011125,P31749
D001943,P31749
D006528,P31749
D015179,P31749
D003924,P31749
D008175,P31749
D009765,P31749
D011471,P31749
D012559,P31749
D001749,P31749
D001943,Q6P4H3
D003924,Q6P4H3
D011471,Q6P4H3
D002292,P13716
D011471,P13716
D053713,Q6LEH2
D001927,Q6LEH2
D003093,Q6LEH2
D007627,Q6LEH2
D009404,Q6LEH2
D013274,Q6LEH2
D002292,Q5SYQ9
D020734,Q5SYQ9
D010003,Q9UED3
D020734,Q9UED3
D011471,Q9UED3
D013274,P47895
D000437,Q9UN17
D001249,Q9UN17
D015179,Q9UN17
D004938,Q9UN17
D010300,Q9UN17
D009765,Q02252
D013274,P49419
D001943,P04075
D013274,P05062
D001943,Q580I3
D002292,Q580I3
D009447,Q580I3
D009101,Q6P6C2
D011225,Q6P6C2
D001943,Q96BT7
D002311,Q8TCU4
D004938,P16050
D001249,P09917
D002292,P09917
D006976,P09917
D015464,P09917
D011471,P09917
D013274,P09917
C563236,P09917
D000083242,P20292
C538603,Q9BYJ1
D011471,Q9BYJ1
D012559,Q60I27
D008175,Q9H161
D015179,Q9UHK6
D011471,Q9UHK6
D000544,Q6PGR1
D001749,Q6PGR1
D005910,Q8IY63
D001943,Q9BY76
D009765,Q9BY76
D006528,Q8NI99
D008175,Q12955
D001749,Q9P2R3
D004715,Q9HCJ1
D004715,Q05DQ9
D008175,Q8IVF6
D008175,Q5SQ80
D001943,Q69YU3
D006528,Q9NQW6
D011085,Q9NQW6
D004715,Q32M45
D015179,Q6PKH8
D001749,P15144
D010024,Q32Q26
D011471,Q32Q26
D011471,Q5TZZ9
D015470,P07355
D008175,P07355
D010024,P07355
D001749,Q3ZCQ2
D008180,P12429
D011471,P12429
D006528,Q6P452
D002292,Q6P452
D015470,Q6P452
D011471,Q6P452
D006527,P08758
D015470,P08758
D011225,P08758
D013274,P08758
D015470,P08133
D011471,Q06278
D003924,Q6PK37
D002292,Q9H0R1
D011125,Q9UM98
D001321,Q9UM98
D006528,Q9UM98
D015179,Q9UM98
D015212,Q9UM98
D008175,Q9UM98
D011471,Q9UM98
D013274,Q9UM98
C536928,Q9UM98
D001943,Q9UNL8
D015179,Q9UNL8
D015212,Q9UNL8
D009765,Q8J025
D006528,P02743
D006528,Q5TZP7
D011471,Q5TZP7
D013274,Q5TZP7
D000544,Q4R1J8
D006528,Q9ULZ1
C535393,Q6LEJ8
D006528,Q6LEJ8
D008175,Q6LEJ8
D013274,Q6LEJ8
D003093,Q13784
D006938,Q13784
D012559,Q13784
D006953,Q6Q788
D006954,Q6Q788
C535393,Q7Z7Q0
D002446,Q7Z7Q0
D006938,Q7Z7Q0
D001943,P31941
D001943,Q9UH17
D001749,Q9UH17
D000544,P02654
D002446,P02656
D006938,P02656
D008175,P02656
D005910,P05090
D000544,Q8TCZ8
C564330,Q8TCZ8
C536595,Q8TCZ8
C536596,Q8TCZ8
D006527,Q8TCZ8
D006938,Q8TCZ8
D008175,Q8TCZ8
D009103,Q8TCZ8
D009765,Q8TCZ8
D012559,Q8TCZ8
D006528,Q13790
D012559,Q9BQE5
D012559,Q9BRG6
D000544,Q9BYY9
D001927,Q9BYY9
D011471,Q8NEU8
D001943,Q12898
D002292,Q12898
D004938,Q92482
D001749,Q92482
D001321,Q9H3V7
D009765,Q6P5T0
D015470,Q6FGT0
D000505,Q9UKJ6
D001321,Q9UKJ6
D001943,Q9UKJ6
D006528,Q9UKJ6
D008175,Q9UKJ6
D011471,Q9UKJ6
D001943,Q96II5
D000544,Q7LC44
D001249,P15514
D001943,P15514
D004715,P15514
D013274,P15514
D001943,P84077
D013274,Q8N6H7
D001249,P05089
D007154,P05089
D007896,P05089
D001249,P78540
D006976,P78540
D011471,P78540
D006528,Q6P4F7
D004715,Q9P2N2
D011085,Q7Z6I6
D011225,Q92619
D013274,Q13017
D001943,P52565
D007627,P52565
D006528,Q8N4T4
D008175,Q12774
D011471,Q12774
D006528,Q8NFD5
D009447,Q8NFD5
D006528,Q8WV72
D011471,Q8WV72
D006528,Q99856
D011471,Q05CG0
D006111,Q14865
D011471,Q15041
D015179,Q9UH46
D004715,Q9UH46
D001943,Q96B67
D001943,Q5T4W7
D001289,Q9HBK9
D008175,Q9HBK9
D012559,Q9HBK9
D001749,Q9HBK9
D002446,Q9NR71
D001749,Q8WWA4
D002292,Q8WXK1
D006528,Q9NVP2
D011471,Q9NR48
D001321,Q16515
D001321,P46597
D006527,P46597
D006528,Q86U10
D006528,Q4G1H2
D011085,Q4G1H2
D007627,Q6P528
D010003,Q6P528
D009396,Q76L82
D015470,Q76L83
D001749,Q76L83
D011471,Q49AP3
D011471,Q5SV16
D003924,Q7Z567
D011471,Q7Z567
D005910,Q9Y2D1
D006816,Q9Y2D1
D001943,Q9H0Y0
D008175,Q9BSB4
D010024,P31939
D001943,Q96QM9
D006528,Q96QM9
D002311,Q96QM9
D015451,Q96QM9
C537243,Q96QM9
D011471,Q96QM9
D013274,Q96QM9
D001749,Q96QM9
D015179,Q6IBA3
D008175,Q6IBA3
D010300,Q8N4D4
D020734,Q8N4D4
C535351,Q58I21
D010003,Q58I21
D020734,Q58I21
D000075222,Q6LEU2
D015470,Q6LEU2
D005910,Q58I19
D007644,P16615
D003924,P16615
D003924,Q93084
D000544,P25705
D001749,P30049
D001943,Q52LC2
D013274,Q8N8Y2
D010003,P21281
D006976,Q762B6
D001943,Q9HBD9
D015179,Q9HBD9
D006527,Q9HBD9
D011471,Q9HBD9
D009765,Q5TC12
D011471,Q9H6X2
D005910,Q86U63
D009447,Q86U63
D001943,Q5QPD4
D006528,Q5QPD4
D015179,Q5QPD4
D009447,Q5QPD4
D011471,Q5QPD4
D006528,Q96GD4
D013274,Q96GD4
D003924,Q75MQ7
D001145,Q9UMM9
D001321,Q9UMM9
D003919,Q9UMM9
D020790,Q9UMM9
D012559,Q9UMM9
D008175,Q5T686
D001321,P37288
D002311,Q9BRF5
D015179,Q9BRF5
C562785,P30530
D008175,P25311
D011085,P25311
D011471,P25311
D001327,Q16446
D011471,Q16446
C537243,Q9P2W7
D006111,Q9NY97
D046152,Q9UPM9
D015470,Q8WXS3
D000544,Q8IYC8
D002446,Q7Z6Q0
D003922,Q7Z6Q0
D015470,Q7Z6Q0
D011471,Q92934
D001943,Q99933
D010300,Q9UL15
D008180,Q8NDB2
D001943,Q96TC6
D002292,Q96TC6
D008175,Q96TC6
D011471,Q96TC6
D013274,Q96TC6
D001749,Q96TC6
D001943,Q99728
D009447,Q99728
D000544,Q8WXU1
D001943,Q8WXU1
D015179,Q8WXU1
D003924,Q8WXU1
D004938,Q8WXU1
D011085,Q8WXU1
D011471,Q8WXU1
D011471,Q9UIF9
D004938,Q9BXH1
D011471,Q6P5Z4
C537243,Q05CL3
D011471,Q05CL3
D000544,Q96HL2
D001943,Q96HL2
D002292,Q96HL2
D009103,Q96HL2
D009447,Q96HL2
D009765,Q96HL2
D000544,Q96PA0
D001249,Q96PA0
D001321,Q96PA0
D053713,Q96PA0
D001943,Q96PA0
D015179,Q96PA0
D003924,Q96PA0
D004938,Q96PA0
D015451,Q96PA0
D015470,Q96PA0
D008228,Q96PA0
D009101,Q96PA0
D011085,Q96PA0
C537243,Q96PA0
D011471,Q96PA0
D001749,Q96PA0
D001943,Q16548
D004938,Q16548
D006528,Q9H1R6
D003924,Q9H1R6
D008175,Q9H1R6
D009101,Q9H1R6
D013274,Q9H1R6
D008228,Q16413
D006528,Q9BYV7
D012516,Q6W2J9
D009396,Q6W2J9
D015464,Q6QJE9
D000544,Q6YNR1
D001321,Q6YNR1
D010300,Q6YNR1
D012559,Q6YNR1
D013274,Q6YNR1
D014029,Q6YNR1
D020961,Q14457
D008175,Q14457
D001249,P02818
D011471,P02818
D001943,P21810
C564714,P21810
D008175,Q8TAT1
D003924,Q93088
D006527,Q93088
D008228,Q93088
D006528,P55957
D013274,P55957
D000544,Q9BTH3
D001943,Q13490
D009447,Q13490
D013274,Q13490
D009447,Q13489
D001749,Q13489
D002292,Q6R308
D008180,Q05D26
D008180,Q6BDS2
C537243,Q6BDS2
D013274,P30043
D015451,Q96LC9
D005910,Q5T8Z6
D012516,Q5T8Z6
D001943,P12643
D015179,P12643
D013274,P12643
D001943,Q53XC5
D015179,Q53XC5
D010003,Q53XC5
D010024,Q53XC5
D010003,Q4VBA3
D004715,Q9NQQ8
D011471,Q9NQQ8
D013274,Q9NQQ8
D006528,Q8N8U9
D001943,Q13873
D006976,Q13873
D009101,Q6NVY4
D011471,Q6NVY4
D013274,Q6NVY4
D015179,Q96DN7
D046152,Q96DN7
D015179,Q8N9W6
D013274,Q6DKJ9
D012559,Q96B45
D001749,Q86TN2
D006528,Q75MQ8
D015179,Q75MQ8
D003924,Q75MQ8
D005910,Q75MQ8
D008175,Q75MQ8
D011471,Q75MQ8
D001943,Q9UE29
D011471,Q9UE29
D001943,Q9H4L3
D005910,Q9H4L3
D008175,Q9H4L3
D011471,Q9H4L3
D009396,Q9H4L3
D000505,Q6PIS5
D006976,Q6PIS5
D012516,Q6PIS5
D011471,Q6PIS5
D004715,Q9H0E9
D001943,Q3SYD8
D001943,Q9P0J6
D011471,P55201
D006528,Q54A51
D002292,Q54A51
D004938,Q54A51
D010300,Q10588
D012148,Q96Q07
D001321,P43251
D009101,Q6IBC8
D012559,Q6IBC8
D006528,P78543
D002292,Q6IAU3
D001943,P78410
D006528,Q9BXX5
D015179,Q9BXX5
D015451,Q9P2W6
D006528,Q8N912
D008180,P02745
D001943,Q07021
D004715,P00736
D001327,P09871
D050031,P09871
D003924,Q8NCU7
D003093,P01024
D003924,P01024
D001321,Q9UNU2
D001327,Q9UNU2
D006528,Q9UGI4
D013274,P00915
D008175,Q9NXM9
D006528,P00918
D010024,P00918
D013274,P00918
D009765,P07451
D006976,Q16790
D015464,Q16790
D015179,Q8TDN4
D004832,Q9UN69
D020325,Q9UN69
D001145,Q86XX1
D001321,Q86XX1
D001321,Q9NYY7
D004832,Q9NYY7
C535698,Q13698
D004832,Q9NY47
C562694,Q9NZA2
D020190,Q9NZA2
D015179,Q86Y37
D001321,Q9BY67
D001943,Q9BY67
D001321,Q86UW7
D001321,P06881
D006976,P06881
D020326,P06881
D010003,P06881
D011471,P06881
D014277,P06881
D015179,Q13137
D010024,P30988
D001749,Q8IU99
D000544,Q96HY3
D008175,P27482
D015179,P27797
D055728,P27797
D011471,P27797
D013922,P27797
D001289,Q9NYX4
D000075222,Q9NYX4
D006527,Q8IWE0
D012559,Q75LA8
D011085,Q4G1A8
D011471,Q8IZW1
D010024,Q5T0S3
D006528,P40123
D002292,Q9BPX3
D007627,Q9BPX3
D015470,Q9BPX3
D003924,Q9HC96
D015470,P17655
D011471,P04632
D002292,Q9BXL7
D010916,Q9BXL6
D009765,Q16568
D009103,Q5FBZ0
D009765,Q5FBZ0
D008228,Q92851
D013274,Q92851
D003922,Q6UXS9
D002292,P42575
D000544,P42574
D003093,P42574
D003924,P42574
D012559,P49662
D001943,Q5SVL2
D015470,Q5SVL2
D001943,Q6NVI2
D006528,Q6NVI2
D015179,Q6NVI2
D003924,Q6NVI2
D004938,Q6NVI2
D008175,Q6NVI2
C537243,Q6NVI2
D013274,Q6NVI2
D011471,Q5JRU8
C562694,Q86UN7
C537156,Q86UN7
D000544,Q9NQ75
D011471,Q86V15
D001249,Q6IB77
D001321,Q6IB77
D001943,Q6IB77
D006528,Q6IB77
D003922,Q6IB77
D003924,Q6IB77
D005910,Q6IB77
D008180,Q6IB77
D065631,Q6IB77
D001749,Q6IB77
D001943,Q2TNI1
D005902,Q2TNI1
D008175,Q2TNI1
D011471,Q2TNI1
D013274,Q2TNI1
D005902,Q53X57
D011471,Q53X57
D015470,Q13951
D009103,Q13191
D012559,P27352
D006976,Q8IUK8
D006528,P16152
D011471,P16152
D003924,Q5CCK7
D008228,Q5CCK7
D011471,Q9Y654
D015179,Q6I9T7
D006528,Q6UXH8
D012559,Q6PK04
D000544,Q05CP8
D003924,Q53HC0
D011471,Q5STF0
D009771,P32239
D016584,P32239
D004715,P22362
D006976,P22362
D001249,Q6I9T4
D004715,Q6I9T4
D006528,Q16627
D008175,P55774
D001249,P13500
D006976,P13500
D009101,P13500
D009765,P13500
D012559,P13500
D001943,P78556
D003093,P78556
D003922,P78556
D009103,P78556
D006528,P10147
D001249,P13501
D006528,P20248
D008175,P20248
D008175,P29279
D006528,P78396
D006528,P14635
D011085,P14635
D001943,Q6FI00
D006528,Q6FI00
D015179,Q6FI00
D004938,Q6FI00
D008175,Q6FI00
D009101,Q6FI00
D011471,Q6FI00
D013274,Q6FI00
D001749,Q6FI00
D015179,P30279
D003924,P30279
D015470,P30279
D011471,P30279
D001943,P24864
D006528,P24864
D001749,P24864
D004715,Q8WUE3
D011085,Q8WUE3
D006528,P41002
D008175,P51959
D001943,P51946
D004938,P51946
D011471,P51946
D006528,Q5U003
D002446,Q9ULM6
D005910,Q9ULM6
D015179,Q9UN28
D003093,P51684
D010024,P78371
D001943,P48643
D013274,Q6IBT3
D001943,Q6YHK3
D015179,Q6YHK3
D001249,P08571
D006528,Q86VB7
D009765,Q86VB7
D009404,Q5JVN7
D015179,Q15762
D004715,Q15762
D008180,Q15762
D002311,P26842
D006528,Q9NZQ7
D008175,Q9NZQ7
D013274,Q9NZQ7
D006528,Q5ZPR3
D011471,Q5ZPR3
D001327,P10747
D000544,Q9Y5K6
D000544,Q546G0
D015470,Q546G0
D006528,Q9UH97
D002311,Q13965
D002446,Q13965
D003924,Q13965
D046152,P07766
D006111,Q6LCP8
D001943,Q6P2H9
D006689,Q6P2H9
D009103,Q6P2H9
D009765,Q6P2H9
D001327,Q45QX2
D006689,Q45QX2
D006976,Q45QX2
D008180,Q45QX2
D011125,Q9P2Z2
D015470,Q9P2Z2
D009103,Q9P2Z2
D009447,Q9P2Z2
D013274,Q9P2Z2
D015451,P06127
D004715,P08174
D009103,Q9BRW0
D009103,Q8N4Q7
D009765,P34810
D003922,Q6LAB3
D002311,P32970
D001943,P04233
D002446,P33681
D009101,P42081
D015179,P21926
D015470,P21926
D011471,P21926
D009103,Q8WUE2
D001943,Q71UE9
D006528,Q12834
D006528,Q9H2F0
D011471,P30260
D006528,Q99741
D011085,Q99741
D006528,Q69YH5
D006528,Q99618
D006528,Q96FF9
D006528,Q53HL2
D001943,Q9UM11
D003093,Q9UM11
D015179,Q9UM11
D016481,Q9UM11
C537243,Q9UM11
D011471,Q9UM11
D013274,Q9UM11
D001749,Q9UM11
D001321,Q9Y6N8
D011471,P55289
D006528,P55290
D004938,P55290
D008175,P55290
D011471,P55290
D001943,P19022
D013274,P19022
D015179,Q49AS4
D001943,Q4VAI4
D015179,Q4VAI4
D015179,Q9ULB5
D001321,Q32LY1
D001249,Q6ZTQ4
D006528,P06493
D011471,Q9NYV4
D009103,Q00537
D011471,Q6IAV4
D006528,Q96BE9
D013274,Q96BE9
D001927,Q8TAM4
D015470,Q00534
D003924,Q5VV42
D008175,P38936
D011471,P38936
D013274,P38936
D001749,P38936
D001943,Q708J1
D006528,Q708J1
D016481,Q708J1
D008175,Q708J1
D010911,Q708J1
C537243,Q708J1
D011471,Q708J1
D013274,Q708J1
D008175,P49918
D001943,Q9UPB7
D006528,Q9UPB7
D015179,Q9UPB7
D004938,Q9UPB7
D005910,Q9UPB7
D008175,Q9UPB7
D009101,Q9UPB7
D009447,Q9UPB7
D013274,Q9UPB7
D001749,Q9UPB7
D006528,Q8NIA6
D005910,Q8NIA6
D006528,Q9P1T2
D013274,P55273
D006528,Q16667
D003924,Q16878
D006528,Q9H211
D013274,Q99626
D008175,Q3KRG8
D010300,P40199
D006528,P49715
D015470,P49715
D009765,P49715
D011225,P49715
D006528,Q9BSC0
D013274,Q9BSC0
D006528,Q504X4
D015470,Q504X4
D011471,Q5VZZ6
D012559,Q5VZZ6
D006528,Q9NYQ7
D006528,P49450
D006528,Q02224
D001943,P49454
D006528,P49454
D011471,P49454
D006528,Q9NSP4
D006528,Q09GN1
D006528,Q5EE01
D006528,Q9UPN4
D006528,Q53EZ4
D011085,Q53EZ4
D008175,P23141
D009765,P23141
D006528,Q9H4L8
D006938,Q9H4L8
D012559,Q49A14
D003093,P00751
D008180,P00751
D009157,P00751
D004715,P00746
D001943,P23528
D006528,P27918
D053713,Q9UMN4
D015179,Q9UMN4
D003550,Q9UMN4
C572845,Q96QJ4
D006528,Q13112
D015179,Q7Z4M7
D011471,Q7Z4M7
C537243,Q2TAZ1
D011471,Q2TAZ1
D001321,Q05CG6
D008175,Q05CG6
D012559,Q05CG6
D013274,Q05CG6
D015179,Q8TDI0
D009447,Q8TDI0
D009447,Q8TD26
D011471,Q8TD26
D001749,Q8TD26
D011471,Q9P2D1
D001321,Q9HCK8
D001943,Q6W8P8
D013274,Q96EP1
D010673,P10645
D005910,Q9NY41
D010003,Q9NY41
D012559,Q9NY41
D015470,Q9UKJ5
D012559,Q96FC9
D015470,Q9NZZ3
D010300,Q99653
D003922,Q96RH0
D001750,Q96RH0
D008175,Q15822
D000437,Q6EWN2
D008175,Q6EWN2
D014029,Q6EWN2
D001289,Q5RLM1
D001321,Q5RLM1
D000437,Q6EWN4
D008175,Q6EWN4
D014029,Q6EWN4
D014029,Q15825
D000544,Q693P7
D001321,Q693P7
D008175,Q693P7
D014029,Q693P7
D000544,Q5SXY3
D001289,Q5SXY3
D001321,Q5SXY3
D008175,P30926
D014029,P30926
D011471,Q8NCH0
D008175,Q7LFX5
D001321,Q562E6
D001289,Q96RK0
D009765,Q8N5P9
D000224,Q6LC19
D003924,Q8N5K1
D011471,Q5SYW2
D006528,Q8IYA6
D013274,P12277
D008175,Q9UQC9
C562694,P51788
D005910,P51788
D005910,Q7Z4M4
D013274,Q7Z4M4
D005910,P51795
C562901,P51795
D001249,P56856
D011471,Q75L79
D065631,Q75L79
D013274,Q75L79
D001943,Q75L80
D011085,Q75L80
D010024,Q9Y240
D000224,Q2KHT3
D003922,Q2KHT3
D008180,Q2KHT3
D009103,Q2KHT3
D006528,Q9P126
D006528,Q6UXB4
D006528,Q2TB20
D001943,Q5SRT3
D007627,Q5SRT3
D010003,Q5SRT3
D010003,Q6FIC5
D011471,Q6FIC5
D013274,Q9UP10
D008175,Q96KA5
D011471,Q96KA5
D001749,Q96KA5
D008175,P09497
D006528,Q9HBJ8
D000544,Q8IWM0
D008180,Q8IWM0
D010003,Q8IWM0
D011471,Q8IWM0
D001943,Q15846
D009103,Q9Y471
D001943,Q9NRP2
D003924,Q8IY22
D006528,Q96KN2
D004715,Q8TBE1
D003924,Q8WXI2
D002292,Q6FHE4
D011471,Q9BWY6
D001145,Q9H8M5
D015179,Q9BV87
D013274,Q9Y2B0
D001289,Q9BYY6
D004715,Q9BYY6
D006816,Q9BYY6
D009103,Q9BYY6
D009765,Q9BYY6
D012559,Q9BYY6
D001943,P34972
D007154,P34972
D015212,P34972
D015470,P34972
D001321,Q9P232
D001321,Q8IWV2
D001321,Q9UDV4
D010300,Q9UDV4
D012559,Q9UDV4
D006528,Q9C0A0
D006528,P39059
D011471,P39059
D010300,Q5JVU1
D001327,Q9UNF2
D007627,Q9UNF2
D009404,Q9UNF2
D010024,Q9UNF2
D010003,Q7KZ71
D010024,Q7KZ71
C537243,Q86Y22
D007873,Q2V4X9
D010003,Q2V4X9
D007627,P02461
D012559,P02461
D009404,Q14051
D009404,P08572
D007627,Q9UML4
D011471,Q9UML4
D011471,P25940
D008175,Q05BT9
D010003,Q6FHW5
D009396,P12111
D001943,Q02388
D015179,Q02388
D006528,Q9Y6Z7
D010003,P49747
D000437,P21964
D001289,P21964
D001321,P21964
D001943,P21964
D006528,P21964
D005317,P21964
D016584,P21964
D010673,P21964
D011471,P21964
D012559,P21964
D001321,Q8NHY2
D001327,P53621
D004715,P61201
D006528,Q92905
D013274,Q567U8
D001943,Q14019
D017241,Q9B2W6
D008175,Q14061
D017241,Q9B2U8
D009447,Q9B2U8
D006528,Q8TF08
D009765,P15954
D001321,Q6NSB2
D001927,Q6NSB2
D006528,Q6NSB2
D003922,Q6NSB2
D006527,Q6NSB2
D010300,Q6NSB2
D011225,Q6NSB2
D012559,Q6NSB2
D015179,Q6NVW5
D009765,Q96IY4
D008175,P16870
D009765,P16870
D015451,Q9BZB8
D006528,Q5QP71
D012559,Q6PUV4
D004715,P14384
D011471,Q05DL8
D002292,Q9Y646
D013274,Q10570
D001943,Q8WZ48
D003924,Q8WZ48
D009290,Q92523
D000544,Q9HC55
D008180,Q5SR47
D002292,P29762
D007627,P29762
D002292,Q8IY43
D009101,Q96SW2
D011471,Q5T4L2
D011471,Q4G0V0
D001749,Q4G0V0
D000505,P06850
D000544,P06850
D006528,P24387
D001943,Q8WXR7
D006528,Q5VVP7
D003922,Q5VVP7
D007896,Q5VVP7
D008175,Q5VVP7
D008180,Q5VVP7
D009765,Q5VVP7
D015464,Q16526
D015464,Q49AN0
D001327,Q71V83
D002292,P02511
D004938,P02511
D011471,P02511
D001327,P43320
D011471,Q9Y2S2
D009765,Q0QEL2
D001943,P09603
D010001,P09603
D001943,Q14085
D015470,Q14085
D001943,P04141
D015179,P04141
D015470,P04141
D008228,P04141
D009101,P04141
D001943,Q8N4W3
D002311,Q8N4W3
D004938,Q8N4W3
D006689,Q8N4W3
D006932,Q8N4W3
D015470,Q8N4W3
D008228,Q8N4W3
D009101,Q8N4W3
D001749,Q8N4W3
D008180,P41240
D006528,Q96PZ7
D001321,Q7Z407
D002292,Q7Z407
D006528,Q6UVK1
D006528,Q96S65
D002311,Q96S65
D011471,P21291
D011471,P01037
D013274,P01037
D000544,P01034
D015470,P01034
D001943,Q6IBD2
D011471,Q6IBD2
D020194,Q76LA1
D015179,Q6IP95
D011471,P56545
D001927,Q2NKJ3
D009765,Q16619
D005317,Q96IQ7
D001249,Q6GR94
D002446,Q6GR94
D006111,Q6GR94
D050031,Q6GR94
D008180,Q6GR94
D046152,Q16370
D015470,Q16370
D013274,Q49AD3
D001249,Q8WW10
D001943,P35222
D006528,P35222
D002311,P35222
D015179,P35222
D008175,P35222
D011471,P35222
D009396,P35222
D002292,Q8TAC7
D011471,Q8TAC7
D013274,P53634
D006528,P07339
D002292,P07339
D010003,P07339
D011471,P07339
D003922,Q6IBC3
D015470,Q6IBC3
D010003,Q6FHN2
D013274,Q9HBQ7
D009765,P25774
D015470,Q9UBR2
D001943,Q7Z7A3
D001943,Q2VPK5
C538556,Q96RV0
D011471,Q53S54
D001943,Q93034
D001321,Q14999
D002292,Q14999
D008175,Q9H720
D011471,Q6I9S9
D002446,P02778
D001943,P48061
D006528,P48061
D011471,P48061
D004715,Q53X90
D001943,P19875
D004938,P19875
D010003,P19875
D001943,P19876
D010003,P80162
D001943,P10145
D006528,P10145
D003093,P10145
D015179,P10145
D005764,P10145
D006527,P10145
D006976,P10145
D011471,P10145
D013274,P10145
D014029,P10145
D001749,P10145
D001943,Q07325
D002446,Q07325
D004715,Q07325
D001927,Q6LCZ7
D003093,Q6LCZ7
D001327,P49682
D001943,Q5MIL4
D004715,P00167
C567102,P00167
D009765,P00167
D003924,Q86SL0
D000075222,Q86SL0
D000075222,P04839
D009765,P99999
D006528,Q9NQC7
D011471,Q16316
D001943,Q1HB44
D006528,Q1HB44
D011471,Q1HB44
D001749,Q1HB44
D001321,Q8IYG4
D001943,Q8IYG4
D004715,Q8IYG4
D004938,Q8IYG4
D010024,Q8IYG4
D011085,Q8IYG4
D011471,Q8IYG4
D001943,Q5J9B1
D006528,Q5J9B1
D011471,Q5J9B1
D006528,P05177
D015179,P05177
D003924,P05177
D008175,P05177
D001943,Q53TK1
D015179,Q53TK1
D008175,Q53TK1
D009765,Q53TK1
D011471,Q53TK1
D001943,Q07973
C562999,Q07973
D008175,Q07973
D010024,Q07973
D009765,Q9NR63
C562688,Q9UP42
D001927,P11509
D018288,P11509
D015179,P11509
D008175,P11509
D011471,P11509
D013274,P11509
D014029,P11509
D006528,Q9UNX8
D011471,Q2XN56
D016649,Q767A3
D011471,Q767A3
D006528,P10632
D000544,Q6NWU0
D001943,Q6NWU0
D010300,Q6NWU0
D000437,Q6NWT7
D001249,Q6NWT7
D006528,Q6NWT7
D008175,Q6NWT7
D008228,Q6NWT7
D009765,Q6NWT7
D010300,Q6NWT7
D011471,Q6NWT7
C564005,Q6VVX0
D006528,Q9NYL5
D001943,Q7Z448
D012516,Q7Z448
D011471,Q7Z448
D011471,Q9HB51
D000075222,Q96RK8
D011471,Q96RK8
D000544,Q9Y6A2
D006528,Q02928
D001749,Q8WWV1
D011471,Q05C57
D010024,Q6DCB0
D008175,Q5VWQ8
D011471,Q5VWQ8
D015179,Q9NYF0
D011471,Q9UMK9
D001321,P19801
D012559,P19801
D012559,Q8IWM3
D001943,P51398
D002292,P53355
D015470,P53355
D008175,P53355
D010003,Q9UN19
D006528,Q5T382
D009447,Q5T382
D010673,Q5T382
D006528,Q8NA75
D011471,Q58WW2
D011085,Q96IX0
D013274,Q96IX0
D015179,Q49AK4
D004938,Q49AK4
D015179,Q5VZY9
D006528,Q6FH10
D004715,Q9H295
D010001,Q9H295
D020734,Q6AWB1
D003550,Q9UJW0
D009765,Q7Z4W1
D011471,Q7Z4W1
D011225,Q5SSV3
D013274,Q16531
D010300,Q6IBS8
D020734,Q6IBS8
D010673,Q6IBS8
D001943,Q53YD1
D003922,Q53YD1
D009765,Q53YD1
D010300,Q9NX09
D008175,Q96T62
D011471,Q96T62
D004715,P17844
D011085,Q8TDD1
D010300,P12838
D008180,Q9H4E7
D003093,Q01523
D015212,Q01523
D011471,P60022
D001943,P35659
D006528,Q5TB30
D006528,Q8WUY9
D001943,Q9NTK1
D004715,Q9NTK1
D001943,Q5RLN2
D005317,Q5RLN2
D013274,Q5RLN2
D012559,Q8IWC8
D009396,Q8WYQ5
D003924,Q53SV4
D000544,Q15392
D001321,Q9UBM7
D011471,Q9UQ10
D001321,P00374
D001943,P00374
D015179,P00374
D012516,P00374
D014029,Q9Y394
D011471,Q7L2E3
D006816,Q502X2
D011471,Q502X2
D004715,Q5D0K5
D009396,Q5D0K5
D004715,Q9NZL0
D001943,P55073
D001321,Q8NDZ4
D006528,Q9H7Y0
D020817,Q9NRI2
D001321,Q9NRI2
D012559,Q9NRI2
D001321,Q155Q3
D012559,Q155Q3
D015179,Q45XF9
D013274,Q45XF9
D012559,Q6PJH1
D001321,Q9P1A6
D006528,Q15398
D005317,Q969Y6
D001943,Q9NR61
D001321,Q53SU3
D001321,Q53QU7
D002311,Q9UPB5
D046152,Q9UPB5
D011085,Q9UPB5
D005910,Q05C95
D001249,Q8TE73
D008175,Q6TDU7
D011471,Q8N4C5
D011471,Q13217
D008180,P24855
D011471,Q92874
D006528,Q13609
D008175,Q13609
D008180,Q13609
D002292,Q96M86
D010300,Q32Q67
D001249,P26358
D001943,P26358
D011471,P26358
D013274,P26358
D001943,Q8WVA9
D007948,Q8WVA9
D015470,Q8WVA9
D008175,Q8WVA9
D001943,Q2PJS8
C537243,Q2PJS8
D011471,Q2PJS8
D013274,Q2PJS8
D001321,Q75MU6
D009447,Q86XD0
D008175,Q2TA81
D008175,Q7L591
D015179,Q9NYP3
D015179,Q8TEK3
D011471,Q8TEK3
D015179,Q9H3H5
D013274,Q9H3H5
D003093,Q6I9V1
D010003,Q6I9V1
D001321,Q12882
D001943,Q12882
D006528,Q12882
D015179,Q12882
D008175,Q12882
D009765,Q12882
D012559,Q12882
D013274,Q12882
D000544,Q16555
D010003,Q16555
D010300,Q8NBI3
D001321,Q6FH34
D010300,Q6FH34
D012559,Q6FH34
D001289,Q6LDH7
D010300,Q6LDH7
D020734,Q6LDH7
D010911,Q6LDH7
D012559,Q6LDH7
D014029,Q6LDH7
D001321,Q9NY31
D012559,Q9NY31
D005879,Q9NY31
C536545,Q9NY31
D001289,Q8WXP7
D012559,Q8WXP7
D001289,P21918
C535428,P21918
D014103,P21918
D001943,Q9HAX1
D006528,Q9NZJ0
D012559,Q96EV8
D001943,Q8N9I9
D004715,P28562
D009103,Q4G0W2
C562785,Q689E8
D001943,Q49AI6
D001943,Q01094
D006528,Q01094
D006528,Q96CJ1
D008175,Q96CJ1
D011471,Q96CJ1
D013274,Q14213
D003924,P42892
D000075222,P42892
D009765,P30084
D013274,P30084
D006528,Q2QKP8
D003093,Q2QKP8
D013274,Q2QKP8
D006528,Q9H8V3
D012559,Q9BV94
D001145,Q6FH53
D001249,Q6FH53
D003924,Q6FH53
D006976,Q6FH53
D020961,Q6FH53
D009404,Q6FH53
D010300,Q6FH53
D011225,Q6FH53
D003924,P25101
D020181,P25101
D001943,P24530
D003924,P24530
D006976,P24530
D013274,Q96EB3
D013274,Q05639
D001943,P24534
D001943,Q6PK56
D002292,Q6PK56
D008175,Q6PK56
D010003,Q6PK56
D001943,Q580Q6
D015179,Q580Q6
D008175,Q580Q6
D011471,Q6FH22
D004832,Q5JVL4
D020190,Q5JVL4
D005910,Q7Z2Z2
D001943,P20827
D009765,P98172
D008175,Q2PDH7
D001321,Q6QBS2
D001943,Q6QBS2
D006528,Q6QBS2
D011471,Q6QBS2
D011125,Q9H3D0
D001943,Q9H3D0
D006528,Q9H3D0
D002311,Q9H3D0
D015179,Q9H3D0
D003924,Q9H3D0
D004715,Q9H3D0
D004938,Q9H3D0
D008175,Q9H3D0
D012516,Q9H3D0
D011471,Q9H3D0
D013274,Q9H3D0
D001749,Q9H3D0
D001327,Q546S1
D006528,Q546S1
D008175,Q546S1
D011471,Q546S1
D001321,P11161
D006528,P11161
D011471,Q8NDI1
D005910,Q9H4M9
D006528,Q9NZN3
D015470,Q9NZN3
D011471,Q9NZC4
D005198,Q08426
D011471,Q08426
D015470,Q96KQ7
D008175,Q96KQ7
D011471,Q8IW76
D006976,Q9P2K8
D007154,Q9P2K8
D000544,Q53XC0
D012516,Q53XC0
D001943,Q6IBR8
D011471,Q7Z5T5
D006528,Q6IB98
D015179,Q6IB98
D011471,Q6IB98
D001321,Q32Q75
D015470,Q13541
D001321,Q96I65
D012559,Q6IBU0
D007627,Q8WXQ9
D001943,P56537
D011471,Q9BQ52
D004715,Q15717
D001943,P41970
D002292,Q15369
D001943,Q9H9T3
D011471,Q8WWD6
D011471,Q6IBD3
D001943,Q7Z589
D011085,Q7Z589
C537243,Q7Z589
D008175,Q04743
D001321,P19622
D015470,Q8N8S7
D003550,Q96CG0
D000544,P06733
D001943,P06733
D006528,P06733
D004938,P06733
D010003,P06733
D010024,P06733
D013274,P06733
D015470,Q6FHV6
D020961,Q6FHV6
D010300,Q6FHV6
D001749,Q6FHV6
D003924,P22413
D004715,P22413
D009765,P22413
D011471,Q9UJA9
D009765,Q5QPJ7
D001943,Q7Z6C1
D015179,Q7Z6C1
D009765,Q7Z6C1
D001749,Q7Z6C1
D006528,Q53ST6
D002292,Q53ST6
D001943,Q96HL7
D003924,Q52LR7
D011471,P16422
D000544,P21709
D015179,P21709
D001943,Q96L35
D006528,Q6FGZ3
D015470,Q6FGZ3
D008175,Q6FGZ3
D008228,Q6FGZ3
D009101,Q6FGZ3
D011225,Q6FGZ3
D011471,Q6FGZ3
D012559,P34913
D013274,Q9H6B9
D001943,P19235
D006528,Q8TE67
D011471,Q8TE67
D001943,Q9UK79
D002292,Q9UK79
D004938,Q9UK79
D005910,Q9UK79
D008175,Q9UK79
D011471,Q9UK79
D013274,Q9UK79
D001749,Q9UK79
D001943,P21860
D008175,P21860
D011471,P21860
D008175,Q8WWH8
D013274,Q8WWH8
D015179,Q2TB79
D017488,Q2TB79
D011471,Q2TB79
D013274,Q2TB79
D001749,Q2TB79
D001749,Q92889
D015179,Q9NR54
D008175,Q03468
D011471,P50548
D015470,Q7LDT7
D011471,Q7LDT7
D008175,Q5JWS2
D006528,P30040
D011471,P30040
D011471,Q9BS26
D004715,Q9UJM3
D011085,Q9UJM3
D012559,Q96AP7
D010003,P10768
D006528,Q9NQ30
D001749,Q14674
D000544,Q9UE35
D001943,Q9UE35
D006528,Q9UE35
D008175,Q9UE35
D009447,Q9UE35
D009765,Q9UE35
D011471,Q9UE35
D001749,Q9UE35
D001145,Q7LCB3
D001943,Q7LCB3
D015179,Q7LCB3
D004715,Q7LCB3
D011471,Q7LCB3
D001749,Q7LCB3
D001943,Q96I02
D012516,Q96I02
D005317,P62508
D006528,P13804
D010003,P13804
D009765,Q547S8
D002446,Q6FG54
D003924,Q6FG54
D008180,Q6FG54
D001943,P15036
D015179,P50549
D011471,P50549
D011471,P41162
D001943,P43268
D011471,P43268
D011471,P41161
D015470,Q9UME7
D001943,Q499Z9
D015179,Q499Z9
D011471,Q01844
D001943,Q5T399
D006528,Q5T399
D015179,Q5T399
D013274,Q9NQT4
D001321,Q16394
D015179,Q96CJ7
D001943,Q75MQ0
D006528,Q75MQ0
D012516,Q75MQ0
D055728,Q75MQ0
D011471,Q75MQ0
D010003,Q6NUR7
D011471,Q6NUR7
D054179,Q1JR85
D019851,Q9NZ69
D000544,Q8TD58
D006528,Q8TD58
D000083242,Q8TD58
D009765,Q8TD58
D012559,Q8TD58
D019851,Q8TD58
D013274,P25116
D001943,P13726
D009404,P13726
D011125,Q8IUL1
D005166,Q8IUL1
D000083242,Q8IUL1
D001327,Q2VF45
D006467,Q2VF45
D019851,Q2VF45
D006467,Q86XR9
D006816,Q7L5A8
D009765,Q7L5A8
D002292,Q6GMR7
D006528,Q01469
D011471,Q96CS3
D005910,Q6IAM1
D006528,Q6SJ93
D002292,Q6SJ93
D006528,Q9H6L5
D013274,Q92567
D006528,Q6UWF9
D004715,Q6UWF9
D003924,Q9H0X4
D012559,Q96BQ1
D006528,Q96MK2
D006528,Q5QP12
D006528,Q9H4H8
D001749,Q9Y500
D006528,Q9BXW9
D006528,Q9NVI1
D001327,Q9UET8
D002311,Q9UET8
D003924,Q9UET8
D015470,Q9UET8
D008175,Q9UET8
D009157,Q9UET8
D001749,Q9UET8
D002311,Q53ZZ1
D006950,Q53ZZ1
D008175,Q53ZZ1
D009103,Q53ZZ1
D011471,Q53ZZ1
D001943,Q6PJJ3
D006528,Q6PJJ3
D002311,Q6PJJ3
D009765,Q6PJJ3
D012559,Q7L8L6
D015179,Q14517
D013274,Q6V0I7
D006528,Q969F0
D001327,Q96BS4
D001943,Q96BS4
D004715,P23142
D011471,P23142
D015179,Q86V58
D006976,Q9UBX5
C563838,Q9UBX5
D011471,Q9UBX5
D004715,Q75N89
D015179,P35556
D006528,Q5VZC3
D010300,Q5VZC3
D013274,Q5VZC3
C537243,Q9HCM7
D006528,Q96D16
D001321,Q9UH90
D011085,Q9H4M3
D011471,Q9H4M3
D001943,Q969H0
D005910,Q969H0
D001749,Q8N3Y1
D010300,Q30219
D013274,Q9Y6R7
D003093,P12318
D003550,P12318
D008180,P12318
D001327,Q8NIA0
D008180,Q8NIA0
D002446,P08637
D006528,Q14CE6
D006528,Q6UXM4
D006528,Q6IAX1
D015179,Q6FHX6
D008175,Q6FHX6
D001749,Q96AC1
D000347,Q8WW76
D010024,Q8WW76
D019851,Q8WW76
D000347,P02675
D010024,P02675
D010300,P02675
D001289,P98174
D001943,Q6ZNL6
D013274,Q6ZNL6
D001943,Q8NFI9
D011471,Q8NFI9
D005910,P09038
D009404,P09038
D011471,P09038
D003922,Q9NSA1
D003924,Q9NSA1
D009765,Q9NSA1
D001943,P11487
D006528,P11487
D001943,P08620
D006528,P08620
D011470,Q6RK68
D008175,P31371
D001943,P11362
D006528,P11362
D005910,P11362
D008175,P11362
D012559,P11362
D001943,P21802
D008175,P21802
D013274,P21802
D015179,Q9NRB6
D009101,Q9NRB6
C563236,Q9NRB6
D001749,Q9NRB6
D011471,P22455
D000347,P02679
D007627,P02679
D013274,P02679
D009765,Q96C11
D008175,Q71VB2
D011471,Q71VB2
D013274,Q71VB2
D001943,Q6I9R8
D015470,Q6I9R8
D015179,Q9P100
D013274,Q7Z7B0
D017681,Q6UN15
D013274,Q53XJ5
D004715,Q2TA84
D001943,Q9UIM3
D001943,Q96Q35
D002292,Q8NFG4
D015179,Q8NFG4
D016112,Q4JFL9
D001943,Q6NXF2
D015179,Q14315
D001943,P17948
D002292,P17948
D011225,P17948
D015470,P36888
D006528,Q9Y5Y0
C564015,Q96HJ9
D002292,Q96L17
D004715,Q99518
D011125,P31513
D001321,Q8IXW7
D016649,Q8IXW7
D001943,Q7L553
D005902,Q53EP0
D011471,Q2VPJ0
D012516,P15328
D001943,Q6FG41
D006528,Q6FG41
D004715,Q6FG41
D008175,Q6FG41
D009765,Q6FG41
D014277,Q6FG41
D006528,Q6FGK6
D008175,Q6FGK6
D008175,Q9H5M2
D001943,P55317
D011471,P55317
D011471,P55318
D005902,Q12948
D011471,Q12948
D008175,Q6VB84
D008175,Q5VV16
C562419,Q53ZD3
D015179,Q53ZD3
D007627,Q53ZD3
D001943,Q53Y49
D006528,Q53Y49
D008175,Q53Y49
D006976,Q12778
D015470,Q12778
D011471,Q12778
D018232,Q12778
D004715,Q12778
D001321,Q6IAJ1
D001321,Q8NFT3
D001249,Q9BZS1
D001943,Q9BZS1
C580192,Q9BZS1
D008175,Q9BZS1
D011085,Q9BZS1
D011471,Q96AP5
D001943,Q9C009
D015179,Q96LE4
D008228,Q96LE4
D010003,Q53QT6
D013274,Q9BTV5
D000437,Q27RP3
D001943,Q6FHE1
D006528,Q6FHE1
D013274,Q6FHE1
D005910,Q6NZ44
D007627,Q6NZ44
D007627,Q6S4P3
D009765,Q6S4P3
D010003,Q6S4P3
D001943,Q9C0B1
D003924,Q9C0B1
D009765,Q9C0B1
D008175,Q6PJY1
D015470,Q9H0Q3
D013274,Q14342
D000437,Q8IW08
D001321,Q8IW08
D001321,P14867
D020190,P14867
D000437,Q8TBI4
D001321,Q8TBI4
D001321,P34903
D001321,P48169
D001321,P31644
D012559,Q16445
D001321,P18505
D012559,P47870
D001321,P28472
D004832,P28472
D000437,P18507
D001321,Q8IVA8
D012559,Q8IVA8
D012559,Q5VZ31
D011471,P24522
D013274,P24522
D010300,Q3B835
D015179,Q68VJ1
D001943,Q68VJ8
D011471,Q68VJ6
D006528,Q0QET7
D015179,Q0QET7
D004938,Q0QET7
D010003,Q0QET7
D010024,Q0QET7
D020734,Q0QET7
D015470,Q99501
D009765,Q29RX5
D008175,P01350
D013274,P01350
D015470,P23769
C537907,P23771
D006689,P23771
D009447,P23771
D000437,P43694
D015179,P43694
D015179,Q9BWX5
D008175,Q05CA6
D013274,Q86YP4
D005198,P50440
D005776,P04062
C564306,P04062
D006976,P04062
D020961,P04062
D010300,P04062
D020734,P04062
D006528,Q9H227
D006111,P38435
D008175,P38435
D009103,P38435
D012559,P38435
D003924,P01275
D009765,P01275
D003924,Q53Y25
C564219,Q53Y25
D003924,Q14397
D003924,Q14TF0
C565557,Q14TF0
D008175,Q14TF0
D003924,P48507
D011471,Q02742
D001943,P55107
D006528,Q99988
D011471,Q99988
D006528,Q9UK05
D006976,Q9UK05
D010003,Q2NKW7
D005910,P39905
D006816,P39905
D010300,P39905
D020734,P39905
D010673,P39905
D020961,P14136
D010300,P14136
D014277,P14136
D015470,Q99684
D009765,Q06210
D015179,Q92820
D001749,Q92820
D000437,Q6NZY2
D011471,Q6NZY2
D009765,Q6IYF1
D010911,Q6IYF1
D001321,Q9NRZ8
D006528,Q9NRZ8
D011471,Q9NRZ8
D003093,Q9UBU3
D004938,Q9UBU3
D009765,Q9UBU3
D006528,Q14691
D001289,Q9BSI3
D001145,P17302
D001321,P17302
D001943,P17302
D008175,P17302
D011471,P17302
D006528,P08034
D002292,P08034
D008175,P08034
D013274,Q53YU7
D006528,P08151
D046152,P08151
D001749,P08151
D046152,Q6RSW2
D046152,P10071
D013274,P10071
D009396,P48060
D046152,Q9BZE0
D003922,Q1PHK4
D003924,Q1PHK4
D001321,Q04760
D003924,P43220
D010003,Q53TX0
D005317,Q9UQV0
D006528,P15104
D009765,P15104
D013274,Q86SZ5
D003093,Q03113
D001943,Q99061
D006528,Q8N6I9
D005359,Q5JWE9
D009447,Q5JWE9
D009765,Q5JWE9
D011085,Q5JWE9
D006528,Q8N652
D003924,P16520
D000075222,P16520
D009765,P16520
D015179,Q9HAV0
D015179,Q96F32
D011471,P63218
D006528,Q14749
D011471,Q14749
D009765,Q8TDQ7
C562785,P01148
D011471,Q86W71
D010024,Q5T7V8
D001606,P07359
D001606,P13224
D011085,P13224
D003924,Q8N1A3
D001606,P14770
D006528,Q8IYG2
D009396,Q8IYG2
D009396,Q86SV6
D009404,P78333
D010024,Q9Y625
D003924,Q53T76
D010024,Q53T76
D001943,Q99527
D000437,Q9NQX3
D001943,P06744
D006528,Q86YB0
D001943,Q96F58
D015179,Q96F58
D012559,Q6NV75
D001321,Q49AJ5
D006528,Q5T848
D009765,Q13304
D006528,Q7Z4H2
D001321,Q7L4Q3
D001943,Q7L4Q3
D002311,Q7L4Q3
D003924,Q7L4Q3
D008175,Q7L4Q3
D009765,Q7L4Q3
D010024,Q7L4Q3
D010300,Q7L4Q3
D001749,Q7L4Q3
D001943,P18283
D004715,Q6NXQ3
D005198,Q6NXQ3
D008175,Q6NXQ3
D009765,Q6NXQ3
D011471,Q6NXQ3
D001943,Q6PJX4
D015179,Q6PJX4
D003924,Q53QQ0
D001943,Q14451
D002292,Q14451
D008175,Q14451
D011471,Q14451
D004715,Q6IPM5
D011471,Q6IPM5
D011471,Q5M7Z5
D001321,P42261
D065631,P42261
D065631,P42262
D015179,Q9ULK0
D001321,Q9BZ15
D001943,Q9BZ15
D004938,Q9BZ15
D012559,Q9BZ15
D012559,Q16478
D014277,Q5VSF9
D001321,Q547U9
D015179,Q547U9
D012559,Q13224
D001289,Q13255
D012559,Q14416
D012559,Q14832
D012516,Q14833
D001289,P41594
D001289,Q14831
D011471,P30550
D001249,Q8TAX9
D012559,P49840
D000544,Q86TM2
D001943,Q86TM2
D011471,Q86TM2
D012559,Q86TM2
D001749,Q86TM2
D010024,Q5T0I0
D020734,P00390
C536835,P48637
D011471,P08263
D010300,Q5JW88
D011471,Q8NEC7
D010003,Q6FII1
D011471,Q6FII1
D001249,Q16041
D001321,Q16041
D006528,Q16041
D002292,Q16041
D015179,Q16041
D003924,Q16041
D008175,Q16041
D010300,Q16041
D011471,Q16041
D011928,Q16041
D001749,Q16041
D015179,Q6FGJ9
D011471,Q6FGJ9
D011471,Q5TA02
D001749,Q9H4Y5
D001249,Q5D6A5
D001321,Q5D6A5
D001943,Q5D6A5
D006528,Q5D6A5
D002292,Q5D6A5
D005910,Q5D6A5
D006689,Q5D6A5
D015464,Q5D6A5
D008175,Q5D6A5
D012516,Q5D6A5
D010300,Q5D6A5
D011471,Q5D6A5
D013274,Q5D6A5
D001749,Q5D6A5
D002292,Q4W252
D008175,Q4W252
D009101,Q4W252
D011471,Q4W252
D011928,Q4W252
D015470,Q499G6
D006528,Q9NYZ3
D009404,Q16661
D011471,Q96NT3
D001943,P33402
D015179,P33402
D015179,P25092
D001145,Q8N5Y3
D006528,P54840
D001321,P10144
D001943,P10144
D015470,P07305
D001943,P16403
D015470,P16403
D001943,P16104
D001943,P62807
D011471,P62807
D005910,P84243
D005910,P68431
D011471,P62805
D009765,Q16836
D010003,P40939
D001943,P55084
D006528,Q6KC15
D006527,Q6KC15
D009447,Q3T1D5
D011471,Q9UJM8
D006528,Q5QP02
D015179,P10915
D001943,Q86UW8
D001327,P12081
D002292,P12081
C537243,Q5VY60
D003924,Q9NQT3
D011087,Q9NQT3
D011087,Q9Y6D8
D004715,Q1HK36
D013274,Q1HK36
D010300,Q14412
D011471,Q14412
D011471,Q9UNL6
D012559,Q8TDS4
D000075222,P49019
D001327,P08631
C567924,Q86WJ6
D009101,Q6MZN7
D004715,Q6IT96
D004715,Q92769
D001749,P56524
D002311,Q9BRX7
D012516,Q9BRX7
D011471,Q9BRX7
D005879,Q9UBI9
D001321,Q96CF6
D003924,Q9Y4D8
D011085,Q76H82
D006528,Q9UII4
D004715,Q9UII4
D011471,Q15011
D001943,Q8IXV0
D008175,Q8IXV0
D001943,Q9Y5J3
D008175,Q9Y5J3
D001943,Q5TF93
D001943,Q9NQ87
D000544,Q9UK37
D010300,Q9UK37
D006528,P14210
D015470,P14210
D009447,P14210
D010300,P14210
D006528,Q04756
D001943,Q03014
D003924,Q03014
D006528,Q96QV1
D015179,Q96QV1
D046152,Q96QV1
D010003,Q6NVY1
D001943,Q70SM2
D001943,Q16665
D006976,Q16665
D011471,Q16665
D001749,Q16665
D013274,Q53FT3
D008175,Q9Y5L2
D012559,P49773
D046152,Q5SQL3
D046152,Q9H2X6
D006528,Q8NCD3
D003924,P78542
D009765,Q53SG7
D001321,Q9UQU5
D005910,Q9UQU5
D009101,Q9UQU5
D005910,Q9Y4H6
D009157,Q9Y4H6
D005910,Q9UQT3
D001249,Q9UM37
D002446,Q9UM37
D004715,Q9UM37
D009103,Q9UM37
D009157,Q9UM37
D012507,Q9UM37
D001249,Q9UEF5
D002446,Q9UEF5
D003922,Q9UEF5
D008180,Q9UEF5
D001249,Q9TQE4
D002446,Q9TQE4
D003922,Q9TQE4
D009103,Q9TQE4
D009290,Q9TQE4
D009103,Q30125
D010300,Q30125
D001249,Q9Y4H8
D001321,Q9Y4H8
D003093,Q9Y4H8
D003922,Q9Y4H8
D008180,Q9Y4H8
D008228,Q9Y4H8
D009103,Q9Y4H8
D009290,Q9Y4H8
D009404,Q9Y4H8
D012507,Q9Y4H8
D012559,Q9Y4H8
D000544,Q9TPE2
D003924,Q9TPE2
D010300,Q9TPE2
D001249,Q9TP14
D003924,Q9NP66
D003924,Q6IPL9
D000075222,Q5T7C4
D006528,P26583
D009765,P26583
D011471,P26583
D001327,P04035
D006528,P04035
D006938,P04035
D005910,Q5JSL0
D011471,Q5JSL0
D001749,Q5JSL0
D001943,Q6PIR6
D006528,Q6PIR6
D015464,Q6PIR6
D011085,Q6PIR6
D000326,Q96DI8
D000544,Q96DI8
D001249,Q96DI8
D001943,Q96DI8
D003924,Q96DI8
D008175,Q96DI8
D009765,Q96DI8
D010300,Q96DI8
D011225,Q96DI8
D011471,Q96DI8
D013274,Q96DI8
D020325,Q6IBP2
D002292,P20823
D003922,P20823
D003924,P20823
C563933,P20823
D002292,P35680
D003924,P35680
D011471,P35680
D003093,Q8NHY1
D003924,Q8NHY1
C565101,Q8NHY1
D001249,Q9P1Y0
C563476,P09651
D012559,P51991
D011471,P31943
D001943,Q5T6W2
D001943,Q6NTA2
D013274,Q6NTA2
D001321,Q1KMD3
D001321,P49639
D006528,Q5I0Y5
D006528,Q6DI00
D015470,P31269
D001749,P31269
D001943,Q4KR72
C537243,Q4KR72
D011471,Q4KR72
D009765,P09067
D009771,P17481
D001943,P17482
D011471,P17482
D015179,Q96CA4
D001321,Q14DW8
D001943,Q14DW8
D005910,Q14DW8
D011471,P31249
D006528,P28356
D015179,P28356
D001327,Q6PEJ8
D001943,Q6PEJ8
D003093,Q6PEJ8
D003922,Q6PEJ8
D003924,Q6PEJ8
D012559,Q6PEJ8
D011471,P15428
D011471,P05981
D001943,Q9Y251
D001327,P02790
D003924,P02790
D001321,P78460
D001943,P78460
D006528,P78460
D005910,P78460
D008175,P78460
D009447,P78460
D011471,P78460
D013274,P78460
C572845,P78460
D001749,P78460
D001943,P04196
D065631,P35367
D012559,P35367
D013274,Q9H3N8
D004715,Q9Y662
D009765,P28845
D001249,P80365
D003922,P80365
D009404,P80365
D004715,P14061
D011471,P14061
D004715,P37059
D011471,Q6FH62
D011085,P14060
D011471,P14060
D006528,Q5QP01
D011085,Q5QP01
D011471,Q5QP01
D001943,Q96HX7
D011471,Q6PK50
D011471,Q96GW1
D010300,P0DMV8
D011471,P0DMV8
D001943,P0DMV9
D006528,P11021
D015464,P11021
D009765,P11021
D013274,Q96IS6
D001327,Q8N1C8
D006528,Q8N1C8
D002292,Q8N1C8
D010300,Q8N1C8
D006528,P04792
D002292,P04792
D015470,P04792
D009101,P04792
D013274,P04792
D002292,Q53SE2
D013274,Q53SE2
D006528,Q9BUP3
D001321,P15515
D013274,Q5ZGX3
D001321,P28222
D001321,P28221
D009771,P28221
D000437,Q9P2Q9
D001249,Q9P2Q9
D001321,Q9P2Q9
D009765,Q9P2Q9
D009771,Q9P2Q9
D012559,Q9P2Q9
D006976,Q7Z580
D009765,Q7Z579
D001321,P46098
D001321,Q8WXA8
D001145,Q13639
D001321,Q86UN1
D012559,P50406
D012559,P34969
D046589,Q05DJ8
D008175,Q05DJ8
D006816,P42858
D003924,P10997
D001943,P21815
D001249,Q5NKV8
D003093,Q5NKV8
D003924,Q5NKV8
D006689,Q5NKV8
D015212,Q5NKV8
D009103,Q5NKV8
D009765,Q5NKV8
D011471,Q5NKV8
D013274,Q9NZC6
D001943,Q8TAM9
D015179,Q8TAM9
D003924,P41134
D015470,Q53T66
D008175,Q02535
D011471,Q02535
D013274,P47928
D000544,P14735
D006528,Q9H302
D005910,Q9H302
D015470,Q9H302
D011471,Q9H302
D015470,P48735
D010003,P48735
D010024,P48735
D010003,Q9H326
D001943,P14902
D004715,P14902
D009765,P14902
D008175,Q14603
D008175,Q9BTL4
D015470,Q96P99
D006111,Q9BYX4
D008180,Q9BYX4
D004715,P09914
D001749,Q9UMJ2
D006528,P01562
D015179,P01562
D002292,P01563
D015179,P01563
D006689,P01563
D015464,P01563
D008228,P01563
D009101,P01563
D011087,P01563
D011928,P01563
D001749,P01563
D001927,P01574
D001943,P01574
D009103,P01574
D009447,P01574
D001749,P01574
D000326,P01579
D001321,P01579
D001327,P01579
D001927,P01579
D001943,P01579
D002446,P01579
D003922,P01579
D006111,P01579
D007896,P01579
D008175,P01579
D009103,P01579
D065631,P01579
D004715,Q7Z687
D016481,Q7Z687
D001249,Q8IZI9
D046152,Q13099
D001943,P78318
D006528,P78318
D008175,P78318
D000544,Q9NP10
D001321,Q9NP10
D001943,Q9NP10
D006528,Q9NP10
D003922,Q9NP10
D004715,Q9NP10
D010911,Q9NP10
D011471,Q9NP10
D001749,Q9NP10
D000544,Q3B833
D001943,Q3B833
D006528,Q3B833
D005317,Q3B833
D020961,Q3B833
D010300,Q3B833
D000544,P01344
D001321,P01344
D006528,P01344
D015179,P01344
D005317,P01344
D020961,P01344
D009765,P01344
D010300,P01344
D009396,P01344
D006528,Q9NZI8
D003924,Q9Y6M1
D000544,Q13661
D006528,Q13661
D020961,Q13661
D010300,Q13661
D011471,Q13661
D006528,Q8TAY0
D004715,Q6PEY6
D009765,P18065
D001321,P17936
D015179,P17936
D011471,P17936
D013274,P17936
D001749,P17936
D001943,Q96HT5
D001749,Q96HT5
D004715,Q9H2B5
D011471,Q9H2B5
D001943,Q16270
D011471,Q16270
D013274,Q16270
D009220,P01857
D011085,P01857
D009220,P01859
D009220,P01834
D001749,Q96ID5
D011471,Q9NSI5
D004715,Q4ZFW8
D046152,Q4ZFW8
D008175,Q9Y6K9
D003093,Q3T907
D008180,Q3T907
D001249,Q9UKT9
D001249,Q71UZ1
D001321,Q71UZ1
D001943,Q71UZ1
D003093,Q71UZ1
D003922,Q71UZ1
D004715,Q71UZ1
D004760,Q71UZ1
D006527,Q71UZ1
D015212,Q71UZ1
D007896,Q71UZ1
D008175,Q71UZ1
D008180,Q71UZ1
D009103,Q71UZ1
D011471,Q71UZ1
D005910,P29459
D009103,P29459
D003093,P29460
D005910,P29460
D008180,P29460
D001249,Q4VB53
D001321,Q4VB53
D002292,Q4VB53
D065631,Q4VB53
D003924,Q96BB4
D001321,P40933
D002446,P40933
D004715,P40933
D011471,Q9UME6
D001327,Q6NZ94
D006111,Q6NZ94
D009103,Q6NZ94
D011471,Q8N2D7
D011471,Q8NFM7
D007896,Q14116
D011471,Q14116
D012507,Q14116
D003922,Q9UHD0
D015451,Q9UHD0
D017241,P01583
D000544,P01584
D001249,P01584
D001943,P01584
D003093,P01584
D000075222,P01584
D008175,P01584
D017241,P01584
D009103,P01584
D009447,P01584
D010003,P01584
C536253,P01584
D012559,P01584
D013274,P01584
D014277,P01584
D004715,Q6NWP6
D003093,Q6PIW7
D008175,Q6PIW7
D006528,Q9NPH3
D001321,Q7Z2K4
D001249,Q01638
D001249,P18510
D001321,P18510
D006528,P18510
D009103,P18510
D009220,P18510
D011471,P18510
D013274,P18510
D001321,Q9C001
D008175,Q9C001
D009404,Q9C001
D011471,Q9C001
D001749,Q9C001
D003922,Q9UHF5
D002446,Q9HBE4
D008180,Q9HBE4
D008180,Q9HBE5
D003093,Q5VWK5
D015212,Q5VWK5
D007918,Q5VWK5
D001943,Q13007
D008175,Q13007
D011471,Q13007
D003922,Q8NEV9
D011471,Q8NEV9
C566602,Q5W006
D003922,Q5W006
D009103,Q5W006
D012559,Q5W006
D013274,P24001
D001249,Q9UPB9
D001321,Q9UPB9
D001327,Q9UPB9
D006111,Q9UPB9
D008180,Q9UPB9
D002292,Q5FC08
D015470,Q5FC08
D001249,P05113
D001321,P05113
D001249,Q75MH2
D001321,Q75MH2
D001327,Q75MH2
D001943,Q75MH2
D006528,Q75MH2
D002292,Q75MH2
D003922,Q75MH2
D003924,Q75MH2
D006111,Q75MH2
D050031,Q75MH2
D006527,Q75MH2
D015212,Q75MH2
D007896,Q75MH2
D015451,Q75MH2
D008175,Q75MH2
D008180,Q75MH2
D009101,Q75MH2
D009765,Q75MH2
D010024,Q75MH2
D010300,Q75MH2
D011471,Q75MH2
C565798,Q75MH2
D012514,Q75MH2
D012559,Q75MH2
D013274,Q75MH2
D014029,Q75MH2
D001249,P08887
D002292,P08887
D006111,P08887
D050031,P08887
D010024,P08887
D012559,P08887
D013274,P08887
D015179,Q5FC07
D011471,Q5FC07
D009103,Q5FBY8
D009765,Q5FBY8
D003093,P16871
D004715,P16871
D009103,P16871
D001321,Q96T52
D010003,Q3B7X4
D004715,Q9UPE8
C537243,Q9NQS7
D013274,Q9UK53
D015179,Q9UNL4
D011225,P08476
D006528,Q3MIB5
D001321,Q6IBG4
D006528,Q9BS68
D002292,Q9BS68
D015470,Q9BS68
D001749,Q9BS68
D012559,Q9C055
D000544,Q92835
D009765,Q2YD81
D000544,P01308
C565100,P01308
D003922,P01308
D003924,P01308
D020961,P01308
D009765,P01308
D016584,P01308
D010300,P01308
D011085,P01308
D011471,P01308
D000544,Q86WY9
D020961,Q86WY9
D010300,Q86WY9
D011471,Q96HW7
D015179,Q9Y573
D000544,Q96FR4
D006528,Q6P1N4
D006528,Q13576
D006528,Q86VI3
D008175,Q6DN90
D008180,Q7Z6A8
D011471,Q7Z6A8
D008175,Q6FHN8
D013274,Q6FHN8
D006528,P14316
D015451,Q15306
D008175,Q15306
D009101,Q15306
D003093,Q64GB0
D008180,Q64GB0
D009103,Q02556
D006528,P35568
D003924,P35568
D009765,P35568
D011471,P35568
D006528,Q9UP29
D003924,Q9UP29
D013274,Q9UP29
D006528,P05161
D005910,P05161
D009447,P61371
D001749,P61371
D010003,Q96AB3
D011085,Q9NPH2
D003924,P56199
D004715,Q9NNZ2
D013915,Q6LDK5
D001321,Q6PJE7
D015212,Q6PJE7
D015451,Q6PJE7
D013274,P08648
D013274,P53708
D015212,P20701
D008180,P11215
D009765,P11215
D002311,Q5T3E6
D004715,Q5T3E6
D001321,Q1PBM2
D011471,Q1PBM2
D013915,Q1PBM2
D004715,Q13352
D001327,P18564
D004715,Q9BUG9
D015212,Q9BUG9
C537243,Q9BUG9
D006528,Q06033
D011125,Q14624
D003924,Q5IWS5
D011471,Q14643
D001321,Q14573
D003922,Q14573
D001321,Q86VI9
D011471,Q86VI9
D001943,Q53TM3
D011471,Q53TM3
D011471,Q9Y6Y0
D003924,Q9NQC1
D011471,Q9NQC1
D001943,Q4KMR2
D008175,Q4KMR2
D001943,Q9Y219
D011471,Q8IV82
D003093,Q8IXP2
D015470,Q8IXP2
D011087,Q8IXP2
D055728,Q8IXP2
D011471,Q8IXP2
D013922,Q8IXP2
D001749,Q8IXP2
D001321,Q96N16
D009103,Q92833
D003924,Q86VZ6
D008180,Q86VZ6
D011471,Q86VZ6
D006528,Q8WYK2
D001321,Q15652
D001943,Q6NYC1
D011471,Q6NYC1
D015179,Q8WXH2
D001943,Q6FHK0
D006528,Q6FHK0
D008175,Q6FHK0
D012516,Q6FHK0
D013274,Q6FHK0
D008175,Q6IBG3
D008175,P17535
D011471,P14923
D011471,Q92794
D006976,P22460
D012559,Q2NLD5
D001145,Q75MK9
D009103,Q9BXC5
D003922,Q14654
D003924,Q14654
D001749,Q14500
D001145,P63252
D010300,Q58F07
D003924,Q96T55
D004832,Q9NPC2
D001321,Q5SVK5
D002292,Q5SVK5
D006976,Q5SVK5
D009765,Q5SVK5
C563897,Q16558
D006528,Q9H2S1
C563817,P51787
D003924,P51787
D001927,Q53Y30
D020936,Q53Y30
D004828,Q5JUK3
D009765,Q96SI1
D011471,P24390
D015179,Q9Y2K7
C537243,Q9Y2K7
D012559,Q8NHM5
D001321,P41229
D002292,P41229
D006528,Q8N371
D001943,P35968
D015179,P35968
D004938,P35968
D008175,P35968
D012559,P35968
D002292,Q14145
D011471,Q14145
D006528,P52732
D006528,Q15058
D006528,Q9NS87
D006528,Q4G194
D006528,Q6NWY8
D001321,Q12756
D009103,Q4R9M9
D009447,Q4R9M9
D006528,Q02241
D006528,Q5JR91
D001249,Q8IWH8
D046152,Q8IWH8
D006528,Q6PKB2
D006528,Q9BW19
D013274,Q15726
D013274,Q969F8
D001943,Q9UMA0
D046152,Q9UMA0
D015470,Q9UMA0
C563236,Q9UMA0
D003924,Q9UEF7
D010024,Q9UEF7
D012559,Q9Y4X4
D004715,Q9Y2Y9
D003924,Q8TD94
D011471,Q9UIH9
D015179,Q9Y5W3
D015179,Q5T6X2
D001749,Q5T6X2
D011471,Q99612
D013274,Q99612
D004715,Q13886
D001943,Q96G43
D001943,Q5VTJ3
D006689,Q96DZ8
D009103,Q8WZ60
D001943,Q6ICR6
D013274,Q6ICR6
D011471,Q6T775
D011470,Q96A30
D011471,Q96A30
D011471,Q6S9W8
D011471,Q107X0
D006528,Q03164
D007948,Q03164
D015470,Q03164
D011471,Q03164
D013274,Q03164
D001749,Q03164
D006528,Q9UMN6
D006528,Q8NEZ4
D015470,Q8NEZ4
D011471,Q8NEZ4
D013274,Q8NEZ4
D001749,Q8NEZ4
D054179,Q05CF8
D001145,Q05CF8
D012559,Q5BKZ2
D001943,Q71SP6
D006528,Q71SP6
D015179,Q71SP6
D004715,Q71SP6
D015470,Q71SP6
D008175,Q71SP6
D009447,Q71SP6
D011471,Q71SP6
D013274,Q71SP6
D001749,Q71SP6
D017488,P04264
D001943,P02533
D001749,P08779
D001943,P05783
D001249,P08727
D001327,P08727
D013274,P35900
D002292,Q14532
D001943,Q9UEK9
D001943,Q14CN4
D001749,Q14CN4
D002292,Q3KNV1
D001943,Q969I0
D002292,Q969I0
D013274,Q969I0
D003924,Q8WXI2
D010300,P29622
D002292,Q86SE4
D001943,Q96JM7
D009765,P83111
D015179,Q7Z5W6
D012559,Q7Z5W6
D012559,P24043
D001749,P24043
D001321,Q8TAS6
D003093,Q8TAS6
D004715,Q8TAS6
D011471,P55268
D011471,Q6NVY8
D001927,Q9Y6N6
D001321,Q14847
D009765,Q8TCF0
D001943,P52954
D006528,Q9Y5N3
D002446,P80188
D014029,Q5TBN5
D011471,Q9H6V9
D001943,Q9BYZ2
D001943,Q5U077
D002292,Q5U077
D011471,Q5U077
D006938,Q9UH51
D009765,Q9UH51
D001943,Q9UJU2
D015451,Q9UJU2
D000544,Q6NT58
D001321,Q6NT58
D001943,Q6NT58
D003924,Q6NT58
D009765,Q6NT58
D011085,Q6NT58
D011471,Q6NT58
D001943,Q4G138
D003924,Q4G138
D006976,Q4G138
D009765,Q4G138
D007627,P09382
D004938,Q6NVH9
D010003,Q6NVH9
D013274,Q6NVH9
D001943,Q5T508
D015179,Q5T508
D000437,Q8WXL0
D011085,Q8WXL0
D014029,Q8WXL0
D011085,P15018
D006528,P42702
D011085,P42702
D011471,P42702
D001749,Q76GR4
D009101,P49917
D015451,P59901
D001943,Q9BT23
D009447,Q6ZN17
D052556,Q5T770
D003924,P11150
D006938,P11150
D011471,Q99732
D001943,Q15334
D001943,Q6P1M3
D002292,Q9H0V9
D002311,Q5TCI8
D011085,Q5TCI8
D008175,Q8N9Z9
D004715,P29536
D011471,Q8IWU2
D006527,Q96PQ9
D006976,Q96PQ9
D012516,Q96PQ9
D001749,Q08397
D001943,Q9Y4K0
D006527,Q9Y4K0
D006528,Q53TY1
D001749,Q96JB6
D006528,Q1HP67
D000083242,Q1HP67
D001943,Q6GPG7
D015179,Q6GPG7
D015470,Q6GPG7
D011471,Q6GPG7
D002446,Q8NEW3
D006950,Q8NEW3
D006938,Q8NEW3
D009765,Q8NEW3
D011471,Q8NEW3
D015470,Q93052
D011125,Q68CK4
D020326,Q7Z7K9
D012559,Q7Z7K9
D002292,Q8WY28
D011471,Q8WY28
D011471,Q9NP34
D006528,Q5T0G3
D001943,Q96PB8
D015179,Q96PB8
D013274,Q96PB8
D006528,Q96AG4
D009103,Q4G0W7
D002292,Q17RV3
D004715,Q17RV3
D010300,Q17RV3
D020734,Q17RV3
D001943,Q9UEV8
D003093,Q9UEV8
D007918,Q6WQV7
D008945,Q9NS15
D010003,Q9NS15
D003093,P02788
D004715,P02788
D010024,P02788
D015179,Q9Y6Y9
D015470,P12980
D006528,Q9Y5Y7
D001321,Q8N653
D004938,Q9Y250
D011471,Q9Y250
D002292,Q6I9U3
D011471,Q6I9U3
D013274,Q6I9U3
D001943,Q96GV9
D004938,Q96GV9
D011471,Q96GV9
C537243,Q9Y6D9
D011471,Q9Y6D9
C563236,Q9Y6D9
D006528,Q13257
D011085,Q13257
D003924,Q7L5Y9
D015179,Q71A33
D020961,P20916
D010300,P20916
D006528,Q8WX99
D006528,P43357
D006528,Q6FHI5
D001749,P43362
D006528,Q9UBF1
D001321,Q6P3U4
D012559,Q86UL8
D001943,Q969V6
D001943,Q9NTJ4
D011085,Q5SRI9
D001321,Q5ULA9
D004715,Q5ULA9
D006816,Q5ULA9
D010300,Q5ULA9
D010673,Q5ULA9
D000544,Q8TBI1
D001321,Q8TBI1
D004715,Q8TBI1
D006816,Q8TBI1
D010300,Q8TBI1
D010673,Q8TBI1
D012559,Q8TBI1
D020961,Q6NYC5
D010300,Q6NYC5
C537243,Q02750
D011471,Q02750
D011471,P36507
D011471,Q6FI23
D011471,Q13163
D011471,P52564
D001943,Q13233
D011471,Q13233
D004938,Q1PBM3
D009396,Q9Y6R4
D010300,Q99683
D008175,Q6FG25
D008175,Q5MD60
D006689,Q499G7
D008175,Q499G7
D013274,Q499G7
D014277,Q499G7
D015464,Q16539
D008175,Q16539
D001749,Q8TD08
D001321,Q9BWJ1
D008175,Q9BWJ1
D011471,Q9BWJ1
D013274,Q9BWJ1
D014277,Q9BWJ1
D013274,P45983
D014277,P45983
D003924,Q6NUQ9
D011471,P45984
D014277,P45984
D000544,P10636
D006528,P10636
D010300,P10636
D020734,P10636
D004938,Q5T0T0
D008175,Q6NVI1
D006528,Q4ZG40
D001321,Q9P0L2
D013274,Q9P0L2
D001321,Q7KZI7
D001927,Q00266
D006528,Q00266
D003924,Q00266
D010673,Q8TAX8
D009396,Q8TAX8
D011471,Q9UIS9
C537243,Q9UBB5
D011471,Q9UBB5
D013274,Q8NHZ7
D006528,Q14703
D011471,Q14703
D011471,Q01718
D009765,P32245
D009103,Q9NQ41
D011125,P23508
D001321,P23508
D015179,P23508
D007896,Q03399
D008175,Q03399
D009101,Q03399
D006528,Q5T670
D006528,Q9BWF4
D005910,Q2LEK3
D001943,Q9H4C5
D011471,Q9H4C5
D013274,Q9H4C5
D001943,Q68DC0
D006528,P48163
D009765,P48163
D001943,Q03112
D015470,Q03112
C537243,Q03112
D001321,P51608
D006528,P51608
D006528,Q15648
D004715,Q15648
D001943,Q7Z3Z5
D011471,Q7Z3Z5
D004715,Q9Y2X0
D004715,Q9NVC6
D001943,Q9H204
D004715,Q5T911
D001321,Q06413
D001943,Q9HCQ4
D012148,Q9HCQ4
D006528,Q14680
D001321,Q9UEJ3
D006528,Q9UEJ3
D002292,Q9UEJ3
D004938,Q9UEJ3
D015470,Q9UEJ3
D008175,Q9UEJ3
D009447,Q9UEJ3
D012516,Q9UEJ3
D011471,Q9UEJ3
D012559,Q9UEJ3
D013274,Q9UEJ3
D009101,Q9HCE5
D009101,Q86U44
D001943,Q8TCB7
D001943,Q08431
D006528,Q5SSK0
D011471,Q8IWI9
D010024,Q99685
D005910,P16455
D014648,P08493
D013274,Q16674
D006528,Q9UE03
D001321,P14174
D001943,P14174
D007627,P14174
D011471,P14174
C565798,P14174
C572845,Q9UNW1
D003924,Q75NE6
D013274,Q0VDD5
D002292,Q8TF70
D001943,Q70L74
D006528,Q70L74
D015179,Q70L74
D013274,Q2TLE4
D015179,Q6VBB8
D011471,Q6VBB8
C536928,Q6VBB8
D015179,Q6PIC9
D004938,Q6PIC9
D002292,Q5JT35
D015470,Q5JT35
D006528,Q9NP71
D001943,Q3KQS6
D011471,Q3KQS6
D001249,Q96DZ4
D001943,Q96DZ4
D015179,Q96DZ4
D008175,Q96DZ4
D001249,P09238
D008175,P09238
D013274,P09238
D002446,P39900
D011471,P45452
D001943,P50281
D006528,P50281
D004938,P50281
C537243,P50281
D001943,P08253
D006528,P08253
D015179,P08253
D005317,P08253
C536051,P08253
D012516,P08253
C563236,P08253
D001749,P08253
D001943,P08254
D002446,P08254
D013274,P09237
D001249,P14780
D001943,P14780
D006528,P14780
D003093,P14780
D009447,P14780
D009765,P14780
D011471,P14780
D001749,P14780
D009765,P22033
D015470,Q10571
D054221,Q99583
D009290,Q5SSB8
D006528,Q3SYC2
D003924,Q9UQ07
D000544,Q16771
D001927,Q16771
D006528,Q16771
D003093,Q16771
D008175,Q16771
D011471,Q16771
D001749,Q16771
D008175,Q00013
D003924,Q6FGP0
D009765,P22897
D011471,Q9BS79
D006528,Q9BYG7
D001943,Q9BYD1
D013274,Q9BYD1
D001943,P49406
D001943,Q5SZR1
D013274,Q96Q62
D013274,Q9Y676
D001943,Q96Q16
D001943,Q9Y3D9
D001943,Q9Y2Q9
D001943,Q96Q63
D000544,Q96JQ5
D015179,Q6VBB7
D011125,P20585
D011471,P20585
D006528,Q5SSR2
D013274,Q13421
D011471,P08118
D010003,Q6PJT4
D011471,P21757
D001943,Q49A61
D003093,Q49A61
D012516,Q04912
D013274,P28360
D006528,P04731
D001749,P04731
D006528,P04732
D006528,P04733
D004938,P13640
D006528,P02795
D011471,P02795
D013274,P02795
D001749,P02795
D001943,P25713
D001749,P25713
D004715,Q13330
D010300,Q13330
D011471,Q9NRK7
D006528,Q96DY7
D009765,Q9Y6C9
D001943,Q86UE4
D015179,Q86UE4
D001321,Q14872
D006689,P13995
D000505,Q9NY63
D000544,Q9NY63
D001321,Q9NY63
D001943,Q9NY63
D015179,Q9NY63
D015451,Q9NY63
D008175,Q9NY63
D008228,Q9NY63
D010300,Q9NY63
D011471,Q9NY63
D012559,Q9NY63
D013274,Q9NY63
D019851,Q9NY63
D001749,Q9NY63
D003924,Q8TEV7
D011085,Q8TEV7
D001943,P42345
D006528,P42345
D002292,P42345
D018288,P42345
D011471,P42345
D012559,P42345
D001749,P42345
D001943,Q99707
D015179,Q9UBK8
D009101,Q7Z551
D013274,Q7Z551
D008175,Q9UKN1
D008175,Q8WXI7
D002292,Q9UP82
D011471,Q9UP82
D013274,Q6W3D1
D001249,Q8TAX7
D011125,Q5T418
C563924,Q5T418
D013274,Q5T418
D006528,Q03426
D010003,Q14764
D015470,P20591
D013274,P20591
D011471,Q5V9L6
D001249,Q708E9
D005910,Q708E9
D009447,Q708E9
D011471,Q9BQG0
D005910,Q495G0
D011085,Q495G0
D006528,P10244
D006528,Q16591
D015179,Q16591
D015470,Q16591
D008175,Q16591
D009447,Q16591
D012516,Q16591
D011471,Q16591
D013274,Q16591
D001749,Q16591
D011471,P12524
D009447,P04198
D009396,P04198
D015470,Q66K75
D010003,Q9UKX3
D011471,Q7Z406
D002311,Q1ED46
D002311,Q5GJ54
D049310,Q5GJ54
D001943,Q86XU5
C535507,Q86XU5
D004715,Q5TIA5
D005910,Q3B765
D008175,Q8IUG5
D001321,Q8N618
C564234,Q6PKX1
D005902,Q6PKX1
D009103,Q96AH0
D011471,Q9UJ70
D011471,Q14769
D015179,P43490
D009765,P43490
D011471,Q9HAQ5
D001749,Q9HAQ5
D001943,Q400I7
D006528,Q400I7
D011471,Q400I7
D001749,Q400I7
D001321,Q6PJB7
D002292,Q6PJB7
D013274,Q8IW45
D001321,Q5T321
D006528,Q6NUR1
D010300,Q86XI2
D006528,Q15003
D000075222,P14598
D008180,P14598
D009404,P16333
D000544,Q53TG4
D009404,Q53TG4
D001943,Q15788
D004715,Q15788
D011471,Q15788
D001943,Q569J4
D011471,Q569J4
D001943,Q569F6
D011471,Q569F6
D004715,Q1RMZ3
D011471,Q8N4U9
D001943,Q86W52
D004715,Q86W52
D011471,Q86W52
D001749,Q86W52
D000544,Q5T211
D017241,Q9B2Y9
D012559,Q9T9Y1
D006528,Q05DQ6
D004715,Q8TB73
D001943,Q92597
D002292,Q92597
D011471,Q92597
D046152,P52848
D011471,P52849
D011471,Q9H3R1
D013274,Q9P1A0
D010003,Q08E91
D010003,P49821
D013274,P49821
D012559,Q9UEH5
D000544,Q92692
D001943,Q92692
D015470,Q92692
D009103,Q92692
D010300,Q92692
D011471,Q92692
D001749,Q92692
D007627,P46934
D004715,Q5XLQ3
D009103,Q14511
D004715,P07197
D009765,Q7Z3B1
D009765,Q96FI4
D006528,Q8TAT5
D006528,P51955
D003924,Q13562
D001321,Q9UMU3
D005910,Q9UMU3
D015470,Q9UMU3
D010673,Q9UMU3
D002292,Q9NRW8
D003924,Q13469
D006976,Q13469
D001943,Q16236
D006528,Q16236
D016649,Q16236
D011471,Q16236
D011471,Q6FI30
D003924,P19838
D001943,P25963
D006528,P25963
D006689,P25963
D008175,P23511
D020961,P01138
D010300,P01138
D020734,P01138
D011471,P08138
D009765,Q02577
D011471,Q6P499
D001943,Q9Y2I1
D012559,Q5M9Q1
D002311,P52952
D011471,Q99801
D003924,P78426
D001321,Q8N2Q7
D001321,Q4G160
D001321,Q8N0W4
D006528,Q7RTR2
D002292,P59046
D009103,Q96P20
D001943,Q4VBL0
D006528,P15531
D015179,P15531
D015179,Q6FHN3
D010003,Q6FHN3
D046152,Q9Y5B8
D009447,Q16517
D006528,P40261
D003093,Q7Z597
D015212,Q7Z597
D011471,Q76FK4
D009396,Q15233
D013274,Q9BSN3
D001943,Q86U38
D003922,Q8WY41
D010300,Q8WY41
D012559,Q8WY41
D001249,P60321
D001321,P60321
D001943,P60321
D003924,P60321
D004938,P60321
D008175,P60321
D012555,P60321
D000544,P60323
D001943,P60323
D003922,P60323
D003924,P60323
D004938,P60323
D000075222,P60323
D005317,P60323
D006976,P60323
D000083242,P60323
D011225,P60323
D011471,P60323
D013274,P60323
D001943,Q6IAD4
D001943,Q6IQ50
D003924,Q6IQ50
D031845,Q6IQ50
D008175,Q6IQ50
D013274,Q6IQ50
D001943,Q9UM47
D046589,Q9UM47
D006528,Q9UM47
D008175,Q9UM47
D001943,Q6P3V5
D011471,Q9HBY0
D001321,Q99743
D009404,Q9NP85
D015470,Q9BTI9
D013274,Q9BTI9
D018288,P01160
D002311,P01160
D004374,P01160
D008175,P01160
D011471,P01160
D002311,P16860
D006976,P16860
D011471,Q60I31
D012559,Q8WTW4
D001249,Q6W5P4
D000437,P01303
D000544,P01303
D001249,P01303
D009765,P25929
D000437,P49146
D009765,Q15761
D001249,Q3B792
D001943,Q3B792
D015179,Q3B792
D009101,Q3B792
D009765,Q3B792
D010300,Q3B792
D011471,Q3B792
D001749,Q3B792
D001943,Q5TD07
D000075262,P51843
D006528,Q15466
D009765,Q15466
D004715,Q96B66
D006528,Q6IBU6
D006528,Q6IPQ7
D004938,Q9H4M8
D009765,Q9H4M8
D012516,Q9H4M8
D009765,Q6GZ88
D004715,P13056
D004715,Q6PHZ7
D001943,P10589
D004715,P24468
D001943,P10588
D004715,P10588
D004715,Q3MSN4
D011471,Q3MSN4
D012559,Q3MSN4
D002311,Q4W5E8
D004715,Q4W5E8
D004715,P22736
D015179,P43354
D004715,Q5T6F7
D016649,Q5T6F7
D015179,Q5U091
D015470,Q5U091
D009447,Q5U091
C572845,Q5U091
D001321,Q75ML9
D001943,Q75ML9
D015179,Q75ML9
D001943,Q96IB3
D008175,Q96IB3
D011085,Q96IB3
D012559,Q96IB3
D012559,P56975
D012559,Q92686
D001943,P48552
D012559,P48552
D004715,Q9H2E1
D011471,Q9H2E1
D001321,Q96GU8
D001749,Q5VTS2
D001321,Q49A31
D012559,Q49A31
D001321,Q96L73
D001943,Q8TEA1
D015179,Q8TCD5
D009447,Q96B60
D013274,Q96B60
D001321,P20783
D012559,P20783
D001321,P34130
D015179,Q5IEC7
D012559,Q5IEC7
D012559,Q96CW9
D005910,P04629
D020961,P04629
D009447,P04629
D012559,P04629
D001321,Q8WXJ8
D005910,Q8WXJ8
D020961,Q8WXJ8
D009447,Q8WXJ8
D009765,Q8WXJ8
D004715,Q96CY4
D005910,Q96CY4
D015470,Q96CY4
D012559,P30989
D011471,Q2L696
D001943,P0C025
D001943,P50583
D006528,Q9BZD4
D015470,P35658
D015470,Q9HDC8
D003924,Q96E22
D006528,Q9BXS6
D015179,Q9BXS6
D015179,Q6DKJ4
D001943,Q16625
D000075222,Q16625
D065631,Q16625
D015179,P11926
D001927,Q9HCR7
D002292,Q9HCR7
D003924,Q9HCR7
D006816,Q9HCR7
D008175,Q9HCR7
D009765,Q9HCR7
D011471,Q9HCR7
D006528,Q8WWZ8
D011471,Q9BWJ9
D004715,Q6UX06
D006528,Q5JTM7
D006528,Q68BL8
D001145,P41145
D001145,Q6FGM5
D000437,Q71V90
D002292,Q8NGP0
D001749,Q8NH09
D006528,Q9Y619
D005317,Q9Y619
D001249,Q9P0R7
D003093,Q9P0R7
D004715,Q8N2R0
D001927,P00480
D010024,P55809
D001321,P01178
D001321,P30559
D012559,P30559
D015451,Q15G98
D009103,Q15G98
D008180,Q9H244
D010003,Q8IVL6
D010024,Q96C96
D011471,Q96C96
D013274,Q6PIN5
D001943,P11940
D001749,P11940
D009765,Q6VY07
D001943,Q5T6T6
D012559,Q9NWQ8
D015179,Q6FID7
D001943,Q16512
D002292,Q16512
D012559,Q13177
D011471,Q9NQU5
D001943,Q86YC2
D011471,Q86YC2
D003924,Q7KYY0
D006528,Q6UXH9
D004715,Q5QFB7
D011471,Q8N4S7
D011471,Q5VWV2
D006528,Q99497
D010024,Q99497
D010300,Q99497
C565238,Q99497
D020734,Q99497
D000505,Q6PJL0
D001249,Q6PJL0
D001943,Q6PJL0
D006528,Q6PJL0
D015179,Q6PJL0
D009101,Q6PJL0
D009765,Q6PJL0
D020734,Q6PJL0
D011471,Q6PJL0
D001321,Q9UEW8
D011471,Q8NI35
D011471,Q96IZ0
D004715,Q6YFJ8
D018232,P23760
D003922,Q3KNR5
D003924,Q3KNR5
D001321,Q8IVH0
D003924,Q8IVH0
D011471,Q8IVH0
D013274,Q8IVH0
D015179,Q06710
C572845,Q06710
D006528,Q96KB5
D011085,Q96KB5
D002292,Q86U86
D001943,Q53SS8
D001321,Q14DV7
D000544,Q9BZA7
D011471,Q9BZA8
D001943,Q9Y5F9
D006528,P35558
D002446,P35558
D009765,P35558
D006528,Q15004
D012559,Q9UIS9
D008175,Q7Z6A3
D008180,Q9H6A9
D009765,P29120
D003924,P16519
D006111,Q15116
D008175,Q15116
D008180,Q15116
D009103,Q15116
D008175,Q5VZS7
D010003,Q8WUM4
D001943,Q8IW54
D001321,Q9HC31
D000437,Q07343
D001249,Q07343
D001321,Q07343
D015470,Q07343
D012559,Q07343
D001249,Q08499
D011471,Q08499
D001943,Q9UGN0
D006528,P78450
D046152,P16234
D017681,P16234
C565054,P09619
D006528,Q15198
D015179,Q15198
D010003,Q9UNV7
D011471,Q9UNV7
D013274,Q9UNV7
D002292,P11177
D006528,P30101
D011471,P30101
D006528,Q16654
D008175,P50479
D010024,P50479
D011085,P50479
D011471,Q9P0J1
D011471,Q96DB6
D003924,P52945
D002292,Q86XE2
D000437,Q2YEM6
D020734,Q2YEM6
D001943,Q5T2W1
D011471,Q5T2W1
D011471,Q13113
D002292,P30086
D001321,P16284
D001327,P16284
D009290,Q3B7B1
D011471,Q3B7B1
D003924,P12955
D001321,Q9H2D0
D015464,Q9H2D0
D001943,Q8TAR6
D015464,Q8TAR6
D009765,Q29R61
D001327,P02776
D009765,Q9H178
D007627,P07737
D013274,Q6P6D7
D011471,P15259
D012559,Q96JS3
D006528,P52209
D008175,P53609
D006528,P00558
D002292,P00558
D015179,Q9H1D2
D001943,Q8NG45
D004715,Q8NG45
D000544,Q6IB11
D011471,Q6IB11
D020326,Q4VY12
D001943,P35232
D006528,P35232
D004938,P35232
D012559,P35232
D013274,P35232
D015179,Q8N4B1
D001943,Q8N5M8
D011471,Q8N5M8
D006528,Q8WV24
D012516,Q53GA4
D005910,Q96D60
D008180,Q9P1Y6
D000544,Q13492
D015470,Q13492
D002292,Q9HB75
D011471,P57054
D013274,Q8TE27
D001943,P42336
D006528,P42336
D002292,P42336
D015179,P42336
D017492,P42336
D008175,P42336
D011471,P42336
D013274,P42336
D011471,Q6PJ60
D012559,Q6PJ60
D001321,P48736
D003924,P48736
D011471,P27986
D011471,Q96EV4
D000544,Q9UKJ1
D001943,P11309
D015470,Q9P1W9
D001943,Q8NFL2
D009447,Q9BXM7
D010300,Q9BXM7
D020734,Q9BXM7
D001749,Q99755
D006528,Q9BZ71
D001321,P78337
D006528,P78337
C563236,P78337
D006528,P14618
D010024,P14618
D006528,Q0IJ49
D006528,Q14BN3
D011471,Q9Y446
D015179,Q8NI47
D004715,Q8NI47
D001321,Q14064
D001943,Q14064
D001249,Q13093
D006528,Q9UHV8
D013274,Q9UM63
D000083242,P00750
D000544,Q9UEJ5
D001249,Q9UEJ5
D000083242,Q9UEJ5
D011471,Q9UEJ5
D013274,Q9UEJ5
D001321,Q9UPI5
D011471,Q9UPI5
D012559,Q8IV92
D010003,P51178
D013274,Q9P212
D000544,P16885
D015212,P16885
D015451,P16885
D012559,Q9UPR0
D001321,Q8N7P1
D010024,P08567
D011471,Q9NYT0
D003924,Q5RGS4
D013274,Q5SYF5
D006528,P53350
D005910,P53350
D010003,Q96QU5
D010003,P13797
D006528,Q9BX97
D006528,Q8IUK5
D015451,Q13794
D009765,P20382
D010001,Q9UE85
D011471,Q9UE85
D012559,Q9UE85
D004831,Q6FH25
D011471,Q5XG96
C536928,Q5FBX0
D002292,Q8N490
D020734,Q9BYY3
D010024,P01298
D011085,Q96AD5
C565850,Q8IY17
D006528,Q8TCS8
D015451,P06746
D001749,P06746
D015179,P28340
D015179,Q8WUF6
D015179,Q96IE1
D002549,Q6LCA9
D020734,Q6LCA9
C537583,Q6LCA9
D011471,Q9UBT6
D013274,Q9P1U0
D013274,Q9Y2Y1
D001321,Q6LDP0
D002292,Q6LDP0
D003919,Q6LDP0
D004831,Q6LDP0
D007154,Q6LDP0
D009103,Q6LDP0
D009157,Q6LDP0
D009765,Q6LDP0
D010024,Q6LDP0
D012148,Q6LDP0
D001321,Q96P91
D015179,Q96P91
D006938,Q96P91
D008175,Q96P91
D011471,Q96P91
D001749,Q96P91
D006938,Q6PJZ2
D001749,Q63HL4
D015179,Q15063
D005910,Q5MJ35
D010003,P20264
D015470,Q01851
D005910,Q01860
D001321,P78424
D003924,Q86SF0
D009765,Q86SF0
D011471,Q86SF0
D009765,Q03181
D000544,Q86WD1
D006528,Q86WD1
D015179,Q86WD1
D003924,Q86WD1
D009765,Q86WD1
D010003,Q86WD1
D011225,Q86WD1
D013274,Q86WD1
C572845,Q86WD1
D003924,Q9UBK2
D020961,Q9UBK2
D010300,Q9UBK2
D001943,Q8TAL0
D009765,Q8TAL0
D008175,P02775
C537243,Q8ND30
D011471,Q8ND30
D013274,P62937
D013274,P45877
D001943,Q8NEA7
D005910,Q8NEA7
D015179,Q96MI6
D009765,Q5SGD2
D015179,Q96TC9
D001943,Q6GQY8
D015179,Q96A00
D001145,Q13522
D006528,Q13522
D003924,Q16821
D001249,Q6I9T8
D010003,P30153
D013274,P30153
D008175,P30154
D011471,P63151
D015451,Q96B13
D006527,Q08209
D011471,Q08209
D001749,P48454
D006528,Q6ZMV5
D002292,P78395
D015464,P78395
D009101,P78395
D002292,Q96FT4
D003093,Q5T4E8
D008180,Q5T4E8
C563236,Q9GZV8
D001749,Q13029
D006528,Q06830
D004938,Q06830
D007627,Q06830
D008175,Q06830
D006528,P32119
D004938,P32119
D007627,P32119
D012516,P32119
D011471,P32119
D010024,P30048
D013274,P30044
D006528,P30041
D008175,P30041
D013274,Q5JRX3
D001321,P14222
D008228,P14222
D016481,Q96E92
D013274,Q96E92
D013274,Q9Y478
D011471,P22694
D000505,Q96P62
D009765,Q96P62
D009765,Q75MP1
D001321,P05771
D015179,P05771
D003924,P05771
D013274,P05771
D020734,Q05655
D015179,Q53RT0
D014277,P05129
D000083242,Q9BVQ0
D009765,Q9BVQ0
D001321,P41743
D003922,Q04759
D011471,Q05513
D015179,Q1KKQ2
D015451,Q9BZL6
D011085,Q9BZL6
D011471,P78527
D006976,Q13976
D001321,Q5THQ0
D004715,Q5THQ0
D008180,Q5THQ0
D020734,Q5THQ0
D010911,Q5THQ0
D011470,Q5THQ0
D001321,Q8WWV7
D004715,Q8WWV7
D000544,Q86XR1
D006527,Q86XR1
D009103,Q86XR1
D011471,Q86XR1
D013274,Q86XR1
D003924,Q92786
D013274,Q9UMS4
D011471,P54821
D001749,Q8N2U3
D011471,Q16651
D015464,P24158
D005910,Q7L3Y3
D000544,Q6F4C0
C564330,Q6F4C0
D002311,Q6F4C0
D000544,P49810
C536596,P49810
D002311,P49810
D015470,Q8N4N4
D010024,Q6MZI6
D010024,P28066
D010003,P20618
D001749,P49721
D011471,Q9P2W1
D003924,Q15008
D009101,Q5SQ83
D011085,P25105
D012516,P26599
D046152,Q13635
D001321,Q96NR3
D001249,P60484
D001321,P60484
D001943,P60484
D006528,P60484
D002292,P60484
D005910,P60484
D008175,P60484
D011471,P60484
D001249,Q9Y5Y4
C565935,P43116
D004715,P43116
D011085,Q6TTN3
D004715,P35408
D004715,Q71UN9
D004374,Q6LEN2
D000075222,Q6LEN2
D008175,Q6LEN2
D001943,Q6LCE7
D004938,Q6LCE7
D011125,Q9NNY7
D001145,Q9NNY7
D001321,Q9NNY7
D001943,Q9NNY7
D006528,Q9NNY7
D002292,Q9NNY7
D015179,Q9NNY7
D004715,Q9NNY7
D004938,Q9NNY7
D005764,Q9NNY7
D005902,Q9NNY7
D005910,Q9NNY7
D015212,Q9NNY7
D015451,Q9NNY7
D008180,Q9NNY7
D009765,Q9NNY7
D010003,Q9NNY7
D011471,Q9NNY7
D065631,Q9NNY7
D013274,Q9NNY7
D001749,Q9NNY7
C537156,P01270
D010024,P01270
D006528,Q0VGD7
D001943,Q53XY9
D009101,Q53XY9
D011471,Q53XY9
D006528,Q05397
D000544,Q14289
D008175,Q9NYD3
D013274,Q86YD1
D013274,Q68CR8
D003924,P18031
D006689,P18031
D009765,P18031
D015470,Q96I26
D009447,Q96I26
D015179,Q05209
D009447,Q6PJC3
D003093,P17706
D001327,Q9Y2R2
D003922,Q9Y2R2
D006111,Q9Y2R2
D015212,Q9Y2R2
D008180,Q9Y2R2
D011471,Q9H3X6
D001289,Q3KPI9
D001943,Q3KPI9
D015179,Q3KPI9
D012148,Q3KPI9
D013274,P10586
D013274,Q86TJ8
D015179,Q12913
D011471,Q86WJ2
D011471,Q9Y3E5
D006528,Q6IAL9
D013274,Q9Y606
D002292,P20472
D012559,P20472
D015470,P15151
D011471,P15151
D015470,Q96GF5
D008180,Q32NE9
D006528,Q9ULZ3
D018288,Q9ULZ3
D015179,Q9ULZ3
D008175,Q9ULZ3
D013274,Q9ULZ3
D006528,Q6P1L4
D001249,Q6K0P9
D011471,Q6K0P9
D000544,P10082
D009765,P10082
D006528,P20742
D011471,P47897
D005910,Q96PU8
D015451,Q16769
D001321,Q9BXF6
D009765,Q9UL25
D001749,Q6IAS8
D007918,Q13637
D001321,Q96DA2
D011471,P61018
D010024,Q96AH8
D006528,P63000
D002311,P63000
D015470,P15153
D015470,Q9Y6Q9
D006528,Q9H0H5
D011085,Q9H0H5
D013274,P54725
D011471,Q5W0S5
D001249,Q32P42
D001943,Q9NZG9
D001943,Q7KZJ0
D008175,Q5DR82
D015179,Q9Y620
D008228,Q9Y620
D001943,Q92698
D006528,Q92698
D008228,Q92698
D001943,P04049
D002311,P04049
D005910,P04049
D008175,P04049
D011471,P04049
D011471,Q9BYY2
D009765,Q7Z5J4
D011471,Q15311
D001749,Q5JT61
D001943,Q86SE5
D007627,P62826
D010003,P62826
D013274,Q6VN20
D004831,Q17RH5
D009765,Q569L6
D001327,Q13702
D001943,Q6I9R7
D006528,Q6I9R7
D001943,Q86UC5
D004715,Q86UC5
D008175,Q86UC5
D013274,Q86UC5
D013274,P49788
D011225,Q99969
D013274,Q6P4F9
D011471,Q9Y272
D008180,Q8IV61
D015179,Q6T310
D004715,Q6T310
D015212,Q1W2K8
D008175,Q1W2K8
D001749,Q1W2K8
D009447,Q8TEK8
D001943,Q92728
D006528,Q92728
D018288,Q92728
D046152,Q92728
D012516,Q92728
D011471,Q92728
D001749,Q92728
D001943,Q8TDY2
D012559,Q8TDY2
D001321,Q9NWB1
D015451,Q08999
D001943,Q9H5V0
D015179,Q9H0Z9
D005317,P29374
D013274,P29374
D001327,P10745
D001943,Q5VY30
D011085,Q5VY30
D013274,Q5VY30
D004715,Q06330
D009103,Q06330
D006528,P53805
D006816,P53805
D008175,Q96BL1
D010003,Q96D15
D001943,P46063
D001321,Q8WV73
D013274,Q9BYZ8
D006689,Q04864
D001943,Q96F54
D002292,Q96F54
D003093,Q96F54
D003924,Q96F54
D009447,Q96F54
D013274,Q96F54
D000544,Q75MM8
D001321,Q75MM8
D012559,Q75MM8
D005317,Q693B1
D010024,Q693B1
D002311,P51606
D001943,Q8NFH8
D009396,Q13127
D015179,Q9UQV8
D010673,Q9UQV8
D003924,Q9HD89
D012516,P41440
D011471,Q969G6
D011471,Q8HWS3
D011471,Q6NW40
D012516,Q08116
D012559,Q8WX96
D001943,Q49A86
D015470,Q49A86
D013274,Q49A86
D004715,P49798
D012559,Q4QRI4
D000505,P61586
D013274,P61586
D001749,P61586
D011471,Q9BWJ2
D015179,Q8IUC4
D001943,Q9H4K1
D001943,Q9NPQ8
D001321,Q3ZCW0
D008175,Q8IUF8
D011471,Q9NVW2
D011471,P04090
D001943,Q9NWS8
D001249,P12724
D011471,P34096
C537243,Q1RLL8
D011471,Q1RLL8
D006528,Q53RZ3
D001943,Q9Y4L5
D011471,Q2HIY3
D002292,Q8WU17
D006528,Q9BTC5
D001943,Q8N6D2
D015179,Q8N6D2
D009103,Q3ZCS9
D011471,Q96EP0
D015179,Q68DV7
C537243,Q68DV7
D011471,Q68DV7
D013274,Q68DV7
D003924,Q9Y252
D004938,Q9Y252
D001321,Q2M1J3
D006528,Q2M1J3
D008175,Q2M1J3
D011471,Q2M1J3
D001321,Q9HCK4
D011471,Q9HCK4
D001321,Q96HH0
D001321,Q8WZ75
D001943,Q01973
D001321,P35398
D013274,P35398
D004715,Q58EY0
D005910,Q5H8Y1
D001321,Q9GZW2
D011471,Q9GZW2
D011471,Q5VVD0
D011471,P30050
D013274,Q6NZ55
D002292,Q6IPH7
D010300,Q6IPH7
D013274,P61313
D013274,Q0QEW2
D001943,P62750
D010300,P62750
D001943,P62899
D010300,Q8TBK5
D001943,P05387
D011471,Q5JYR7
D011471,Q5VT52
D004938,Q9NS64
D013274,P62841
D011471,P39019
D013274,P39019
D013274,Q9BYK2
D013274,Q75MH1
D001943,Q96IR1
D001943,Q96DV6
D006528,Q96DV6
D013274,Q96DV6
D006528,Q8TDJ4
D001943,Q9BRS0
D001943,P62081
D001943,Q5JR95
D010300,Q5JR95
D014029,Q8N122
D001943,P55042
D011471,P10301
D006528,P23921
D006528,P31350
D015179,P31350
D011085,P31350
D001943,Q9BXY4
D006528,Q9BXY4
D010024,Q32Q10
D005910,Q9NZ71
D008175,Q9NZ71
D012559,Q6IPN0
D012559,Q9BZR6
D006528,Q9BQQ7
D015470,Q2TAM6
D011471,Q2TAM6
D015470,Q71VC3
D001943,Q32MY8
D010003,Q32MY8
D012516,Q32MY8
D006528,Q13761
D002446,Q13761
D004938,Q13761
D015470,Q13761
D008175,Q13761
D011085,Q13761
D013274,Q13761
D004715,Q9HBX9
D011471,Q6P3U7
D001943,Q5STP9
D013274,Q5STP9
D002292,Q8WYM8
C535694,Q8WYM8
D001145,Q92736
D007627,Q6FGE5
D015470,Q6FGE5
D007627,P26447
D010003,P26447
D003924,P06703
D007627,P05109
D015470,P05109
D002446,P06702
D007627,P06702
D046152,Q9BXA9
D004831,Q8N8I0
D005317,Q5K651
D000075262,Q5K651
D011471,Q5K651
D012559,Q9UHR5
D009765,Q2TM25
D015179,Q9UPW6
D011471,Q769H0
D001321,Q7Z6I4
D001321,Q8TAC9
D006528,Q6PIX8
D002292,Q8WTV0
D015179,P05408
D004715,Q96QR1
D001249,Q2L6B3
D000699,Q9UKU5
D004831,P35498
D001321,Q99250
C564274,Q99250
D001321,Q01118
D003550,Q6UP09
D011085,Q6UP09
D011225,Q6UP09
D003550,Q8WY57
D003550,Q6LCK6
D010003,Q12765
D013274,Q12765
D001321,P09683
D011085,P09683
D003924,Q8IV17
D011471,Q9HCN8
D012559,Q9BRK5
D002311,Q0QF12
D010003,Q0QF12
D046152,Q70SX8
D010673,Q70SX8
D010003,Q15436
D008175,Q93073
D009103,Q5TI75
D015179,Q9H8A8
D008175,Q9H8A8
D012559,Q9H8A8
D013274,Q9H8A8
D015179,P49908
D004715,P49908
D008175,P49908
D011471,P49908
D011471,Q9BQE4
D009447,Q6PI51
D001321,Q13591
D011471,Q9GZR1
D015470,Q9UHD8
D013274,Q8NC51
D011471,Q5H936
D006528,P01009
D008175,P01009
D013274,P01009
D019851,Q9UK55
D011471,P01011
D006528,P29622
D011471,Q4VAX6
D001943,P05120
D013274,P05120
D004938,P29508
D001943,P36952
D015179,P36952
D007627,P36952
D009404,Q8TCE1
D019851,Q8IVC0
D001321,P05121
D009404,P05121
D009765,P05121
D011225,P05121
D011471,P05121
D013274,P05121
D007627,P36955
D011471,P36955
D054179,Q5UGI6
D008175,Q5UGI6
D015179,P58004
D011471,P58005
D001943,Q9Y6X0
D001943,Q9BYW2
D002292,Q9BYW2
D011471,Q9BYW2
D011471,Q15047
D001321,Q6UXD5
D015451,Q7Z497
D011471,Q7Z497
D006528,Q9Y3B8
D004938,Q9Y3B8
D007627,Q9Y3B8
D001943,Q6ZSL4
D006528,Q6ZSL4
D015179,Q6ZSL4
D015212,Q6ZSL4
D001943,Q96HF1
D002292,Q96HF1
D015179,Q96HF1
D015212,Q96HF1
D015179,Q6FHJ7
D003924,Q6FHJ7
D001943,Q5T4F7
D015179,Q5T4F7
D008175,P07988
D008175,Q5T0M2
D015179,Q9H9B4
D010003,Q13326
D015470,Q7Z3I4
D001145,Q5FBB7
D009765,Q9NRF2
D003922,Q96BA5
D008180,Q96BA5
D055728,Q96BA5
D013922,Q96BA5
D006528,Q9BWP4
D015470,Q9BWP4
D015179,Q6NVH2
D001321,Q9Y566
D002292,Q9Y566
D001321,Q24JS4
D001321,Q6P5A2
D012559,Q6P5A2
D000437,P04278
D002311,P04278
D003924,P04278
D011471,P04278
D006528,Q15465
D001943,P34896
D008228,P34896
D001327,Q9HAT2
D008175,Q24JR2
D002311,P57059
D006528,Q9H0K1
D011471,Q9H173
D001943,P81133
D001327,Q96EB6
D001943,Q96EB6
D003924,Q96EB6
D009765,Q96EB6
D012516,Q96EB6
D011471,Q96EB6
D009765,Q9NTG7
D009396,Q15475
D009396,Q8TBA2
D006528,Q96BD8
D006528,Q8IX90
D006528,Q13309
D001943,Q3KNW5
D003093,Q9HBK0
D003922,Q9HBK0
D015212,Q9HBK0
D007918,Q9HBK0
D009103,Q9HBK0
D012507,Q9HBK0
D011471,Q53ZR1
D053579,P55017
C562694,Q9H2X9
D001749,Q9Y666
D000744,Q13336
D008180,Q8N697
D010300,Q05940
D020734,Q05940
D001321,P41440
D015179,P41440
D001749,P41440
D001927,P43005
D004715,P43005
D012559,P43005
D003924,P43004
D013274,P43004
D001321,Q8N169
D004715,Q8WUM9
D006528,Q63ZE4
D015179,Q8IZD6
D001943,Q96BI1
D008175,Q96BI1
D009765,Q5T7Q5
D003924,Q9NQC0
D009765,Q9NQC0
D011471,Q9NQC0
D006528,Q6Q0C1
D011471,Q75MC7
D006528,Q86YZ4
D012559,Q8TE54
D012559,Q96RN1
D006816,Q99808
D003922,Q9BZD2
D001943,P11166
D006528,P11166
D002292,P11166
C563401,P11166
D003924,P11166
D010003,P11166
D001943,Q8TDC7
D010300,Q8TDB8
D001943,Q6PAU8
D006528,Q6PAU8
D003924,Q6PAU8
D005198,Q6PAU8
D000544,P14672
D003924,P14672
D001943,P22732
D010300,Q1RMY7
D020734,Q1RMY7
D000544,Q6NXT4
D004938,Q8NEW0
D003924,Q8IWU4
D006976,Q6P708
D011471,Q6P708
D005198,Q86VN6
C562999,Q86VN6
D010300,Q96QD8
D011471,Q6IAD8
D001943,Q13433
D008175,P08195
D001321,Q4PNE6
D004715,Q4PNE6
D011471,Q9UEY6
D002292,P53794
D001943,Q92911
D006528,Q92911
D005910,Q92911
D011471,Q92911
D012559,P30531
D000437,Q9Y610
D001289,Q9Y610
D010300,Q9Y610
D012559,Q9Y610
D000437,Q9NYN7
D020817,Q9NYN7
D001321,Q9NYN7
D006976,Q9NYN7
D009771,Q9NYN7
D012559,Q9NYN7
D001927,Q4VAM6
D001321,P48029
D011471,Q5JR49
D008175,Q2MCL6
D004715,Q9UHI5
D003555,P82251
D001321,Q8IVB4
D001943,Q7Z4M3
D015179,Q6NSD0
D008175,Q6NSD0
D015179,Q92959
D006528,Q4W5N0
D005879,Q96PX8
D009771,Q4QQH1
D015179,P84022
D010003,P84022
D015179,Q9BYG6
D013274,Q9BYG6
D003924,Q68DB7
D011471,Q86UA8
D018288,Q9HBD4
D011471,Q9H4L7
D008175,Q58EY4
D001749,Q6P2R1
D001749,Q8NDV3
D008175,Q7Z2X1
D003924,Q4W5P6
D046152,Q9NWM0
D052536,Q8TEY3
D052537,Q8TEY3
D004715,Q92484
D004938,Q05C86
D003924,P60880
D000437,Q4W5L2
D005776,Q4W5L2
D006527,Q4W5L2
D020961,Q4W5L2
D010300,Q4W5L2
D020734,Q4W5L2
D001943,Q6FHG5
D001321,Q7KZF4
D008175,Q7KZF4
D013274,Q9UIS4
D001321,P63162
D001321,Q9NY99
D006528,Q96L92
D001943,Q86XE0
D013274,Q6P5V6
D006528,Q6FI39
D001249,P00441
D006528,P00441
D003924,P00441
D005317,P00441
D005910,P00441
D017241,P00441
D009765,P00441
D010300,P00441
D012555,P00441
D001749,P00441
D011125,Q7Z7M7
D000326,Q7Z7M7
D000544,Q7Z7M7
D001327,Q7Z7M7
D001943,Q7Z7M7
D006528,Q7Z7M7
D002292,Q7Z7M7
D002311,Q7Z7M7
C538280,Q7Z7M7
D015179,Q7Z7M7
D003924,Q7Z7M7
D004938,Q7Z7M7
D006976,Q7Z7M7
D020961,Q7Z7M7
D017241,Q7Z7M7
D009101,Q7Z7M7
D009404,Q7Z7M7
D009765,Q7Z7M7
D010003,Q7Z7M7
D010024,Q7Z7M7
D010300,Q7Z7M7
D011471,Q7Z7M7
D012507,Q7Z7M7
D013274,Q7Z7M7
D001749,Q7Z7M7
D015179,Q2T9L5
D008175,P48431
D012516,P48431
D011471,P48431
D001749,P48431
D008175,P48436
D013274,P48436
D015179,Q15403
D015451,Q7Z2U4
D012559,Q32M51
D011471,Q6BEB4
D015179,Q6QE20
D015470,Q6QE20
D009101,Q6QE20
D004715,Q8N4S1
D001943,Q8TC71
D011471,Q8TC71
D011085,Q5VXG6
D006528,Q9HBM1
D011471,Q96T58
D010264,Q9UQ90
D003093,Q9BTG7
D015470,P17947
D011471,P00995
D011471,Q9NQ38
D011471,Q08629
D011471,Q9BUD6
D001943,Q3LGB0
D005910,Q3LGB0
D008175,Q3LGB0
D000544,Q7Z698
D013274,P35326
D001249,P35325
D006528,Q9H040
C562785,Q9C004
D015470,Q9C004
D002292,Q9H254
D011085,Q9H254
D013274,Q9BXG8
D010001,Q13501
D001943,Q71UK5
D015179,Q71UK5
D001749,Q71UK5
D004715,P18405
D011085,P18405
D011471,P18405
D000505,P31213
D004715,P31213
D011470,P31213
D011471,P31213
D006528,P36956
D009765,P36956
D001943,Q12772
D006528,Q12772
D013274,Q12772
D006528,P78539
D012559,Q07955
D011085,Q6IQ42
D011471,P81877
D011471,P43308
D004715,P61278
D004938,P61278
D006528,Q16384
D011471,Q9NZK4
D011471,Q8WVC1
D003924,P15907
D001321,Q4VAZ2
D006528,Q8WWQ8
D011471,Q8WWQ8
D001749,Q8N3U4
D011085,Q6QNJ9
D011471,Q9Y365
D011471,Q14849
D001943,Q92502
D015179,Q92502
D002178,Q9UK44
D006528,Q9UK44
D001327,Q9BXH2
D001943,Q9BXH2
D003093,Q9BXH2
D003922,Q9BXH2
D015470,Q9BXH2
D011471,Q9BXH2
D013274,Q9BXH2
D001749,Q9BXH2
D001249,Q53S87
D006528,Q53S87
D008180,Q53S87
D009103,Q53S87
D001943,Q8WWS9
D008175,Q8WWS9
D001321,P02808
D001943,Q6FHC9
D004715,Q6FHC9
D011471,Q687X5
D008175,Q13586
D015179,P31948
D008175,Q9NS52
C563236,Q9NS52
D001321,Q9UEW8
D001943,Q96CE4
D006528,Q96CE4
D005910,Q96CE4
D011471,Q96CE4
D008175,Q9Y6Q2
D015179,Q9Y3F4
D001289,Q16244
D009765,Q16244
D001321,Q75ME0
D011471,Q12846
D004831,P61764
D001943,Q08AL9
D001321,Q8NFX7
D009765,Q7Z503
D013274,Q6IAL5
D004715,Q3ZCW5
D009765,Q3ZCW5
C537243,Q9HAC7
D004715,Q6DKK3
D001943,P50225
D011471,P50225
D011471,Q53X91
D011471,Q06520
D000505,Q8IYB8
D011471,Q5T8U7
D005910,Q15022
D015470,Q569J5
D013274,Q96B47
D012559,Q86VA8
D001943,Q7RTM4
D015179,Q7RTM4
D002292,Q8WXH0
D001321,Q96PV0
D001943,Q5TA15
D012559,P08247
D009103,Q5QPU8
D005764,P20366
D020326,P20366
D009290,P20366
D012559,P20366
D006528,Q9Y6A5
D001749,Q9Y6A5
D000437,Q53TR1
D001289,Q53TR1
D000437,Q4VBL9
D004715,P09758
D012516,Q92804
D013274,Q92804
D001321,Q15572
D011471,Q8IZX4
D001943,Q96LR4
D004715,Q6FI52
D007627,Q6FI52
D006528,Q5ZEZ7
D002292,Q5ZEZ7
D006528,P37837
D010300,P37837
D001943,Q6NW12
D011471,Q8TD77
D009220,P26639
D006528,Q6P1N9
D009765,Q7Z6H2
D011471,Q9BYX2
D011471,Q9H2I4
D001321,Q16650
D011085,Q152R5
D009447,Q13207
D001249,Q9UL17
C565935,Q9UL17
D011471,Q9UDV3
D015470,Q86VL0
D011471,Q9BRU2
D015179,Q5VWI1
D006528,Q9Y242
C537243,Q9NQB0
D008180,P36402
D002311,Q6FHW4
D015179,Q6FHW4
D003924,Q6FHW4
C537243,Q6FHW4
D006528,Q9NR00
D001321,P20062
D015179,P20062
D011471,P20062
D011471,P17987
D001321,P48775
D015179,Q3Y452
D006528,Q7L2K0
D012559,Q96M29
D008175,Q99973
D001943,Q9UQ24
D006528,Q9UQ24
D005910,Q9UQ24
D015464,Q9UQ24
D015470,Q9UQ24
D008175,Q9UQ24
D008180,Q9UQ24
D009447,Q9UQ24
D011471,Q9UQ24
D001749,Q9UQ24
D002292,Q6N021
D015179,Q6N021
D011471,Q6N021
D000437,Q06AH7
D000544,Q06AH7
D001321,Q06AH7
D009404,Q06AH7
D009765,Q06AH7
D012148,Q06AH7
D000544,Q6LES8
D001943,P05549
D004374,Q92481
D013274,Q92754
D002292,P19532
D002446,P04155
D001943,P48307
D006528,P48307
D015179,P48307
D010003,P48307
D001943,P02786
D015179,P02786
D005910,P02786
D016481,P02786
D015451,P02786
D008175,P02786
D008228,P02786
D009765,P02786
D011085,P02786
D001749,P02786
D001327,Q9NYM1
D006111,Q9NYM1
D050031,Q9NYM1
D006528,Q9UQ91
D006976,Q9UQ91
D011471,Q9UQ91
D013274,Q9UQ91
D001249,Q86YU2
D001927,Q86YU2
D003966,Q86YU2
D006528,Q86YU2
D015179,Q86YU2
D003550,Q86YU2
D003924,Q86YU2
D006111,Q86YU2
D015212,Q86YU2
D008175,Q86YU2
D009404,Q86YU2
D010003,Q86YU2
D010024,Q86YU2
D011471,Q86YU2
D012507,Q86YU2
D001327,P61812
D006528,P61812
D004715,P61812
D015179,Q5T7S2
D004938,P37173
D046152,P37173
D008175,P37173
D011471,P37173
D001943,Q9BXQ0
D002292,Q9BXQ0
D002446,Q9BXQ0
D004938,Q9BXQ0
D010003,Q9BXQ0
D006528,Q08188
D001927,Q9UQ57
D006528,Q9UQ57
D000075222,Q9UQ57
D020961,Q9UQ57
D009447,Q9UQ57
D010300,Q9UQ57
D020734,Q9UQ57
D010673,Q9UQ57
D003924,Q6YHU6
D013274,P07204
D019851,P07204
D001943,P07996
D012559,P07996
D006528,Q5T1C6
D001943,Q5TEK2
D013922,Q5FBX8
D004715,Q6FH41
D006528,Q9HBB0
D011471,Q9P016
D006528,Q7Z2Z1
D006528,Q96H15
D001327,Q6FGX5
D003924,Q6FGX5
D006527,Q6FGX5
D014648,Q6FGX5
D001749,P16035
D001249,P35625
D013274,P35625
D011471,Q99727
D011471,P58753
D011471,Q2VPE5
D006528,P04183
D015179,P04183
D001943,Q6PRX3
D010024,Q9Y490
D007918,Q6FI64
D011471,Q9Y2C9
D006528,Q9NYK1
D006528,Q9NR96
D012555,Q9NR96
D005902,Q9UM00
D011085,Q9UIK5
D011471,Q9UIK5
D003924,Q96B42
D009765,Q96B42
D010300,Q5JWB9
D001943,Q86YD3
D008175,Q9NWC5
D013274,Q2HIZ8
D006528,Q9BUB7
D011085,Q6PII6
D011471,Q6PII6
D001321,Q9NVH6
D011471,P28289
D002311,P42167
D011471,Q96T73
D011471,Q0P5U7
D004715,Q9H8H3
D001249,P24821
D004715,P24821
D014648,P24821
D000544,Q5STB3
D001249,Q5STB3
D001943,Q5STB3
D006528,Q5STB3
D003093,Q5STB3
D015179,Q5STB3
D003922,Q5STB3
D003924,Q5STB3
D000075222,Q5STB3
D005910,Q5STB3
D006527,Q5STB3
D006932,Q5STB3
D006976,Q5STB3
D015212,Q5STB3
C535932,Q5STB3
D007896,Q5STB3
D008175,Q5STB3
D009447,Q5STB3
D009765,Q5STB3
D010300,Q5STB3
D012559,Q5STB3
D013274,Q5STB3
D014277,Q5STB3
D001749,Q5STB3
D001327,Q5VXR0
D008180,Q5VXR0
D009103,Q5VXR0
D015451,Q9Y6Q6
D010001,Q9Y6Q6
D009101,Q4ACX1
D002446,Q92956
D001327,Q6Y4Q7
D003550,Q6Y4Q7
D003924,Q6Y4Q7
D009103,Q6Y4Q7
D001321,Q8IVS6
D003924,Q8IVS6
D009182,Q8IVS6
D009765,Q8IVS6
D011471,Q9NZD9
D001327,P43489
D002311,P43489
D002311,Q6GMU3
D006111,Q6GMU3
D050031,Q6GMU3
D006689,Q6GMU3
D002311,Q07011
D002446,Q07011
D013274,Q07011
D001943,Q6JSD9
D006528,Q6JSD9
D002292,Q6JSD9
D015179,Q6JSD9
D005910,Q6JSD9
D015470,Q6JSD9
D009447,Q6JSD9
D011471,Q6JSD9
D015451,Q5T9Y4
D010024,Q5T9Y4
D015179,Q6FGR7
D002311,Q6FGS4
D007896,Q6FGS4
D008180,Q6FGS4
D002311,Q52M88
D006111,Q52M88
D050031,Q52M88
D006689,Q52M88
D017681,Q52M88
D007918,Q52M88
D015451,Q52M88
D015470,Q52M88
D009101,Q52M88
D002311,P41273
D013274,P41273
D001249,Q15025
D001943,Q15025
D008180,Q15025
D002311,Q6FGX2
D002311,Q8IZA2
C566171,Q8IZA2
D004831,Q8NDV7
D004715,P50616
D006528,Q96HA7
D011085,Q96HA7
D001943,P11388
D006528,P11388
D005910,P11388
D011085,P11388
D011471,P11388
D015451,Q05BV8
D001943,Q761V2
D006528,Q761V2
D002292,Q761V2
D018288,Q761V2
D015179,Q761V2
D004938,Q761V2
D005910,Q761V2
D015451,Q761V2
D008175,Q761V2
D012516,Q761V2
D011471,Q761V2
D012559,Q761V2
D013274,Q761V2
D001749,Q761V2
D009396,Q761V2
D001943,Q3YL84
D001943,Q05BL1
D015179,Q9H3D4
D008175,Q9H3D4
C538052,Q9H3D4
D001943,Q8WXG0
D008175,Q8WXG0
D018232,Q8WXG0
D011471,Q13641
D011471,P55327
D011471,Q16890
D006976,Q08EN2
D012559,Q08EN2
D001289,Q14CC5
D001321,Q14CC5
D000544,P60174
D010024,P60174
D004938,Q8TCG4
D007627,Q8TCG4
D013274,Q5VU62
D004938,P67936
D010024,P67936
D001327,Q6P534
D006111,Q6P534
D000544,Q96AP0
D011471,Q96AP0
D011471,Q5W0H4
D006528,Q96FC3
D004374,Q13077
D009103,Q13077
D011471,Q13077
D006528,Q9BWF2
D012559,Q9UPV9
D010003,Q9BV61
D013274,Q9BV61
D000544,Q5TCX1
D001943,Q05GC8
D001927,Q6IAN5
D008180,Q6IAN5
D001145,P20396
D004715,P20396
D015470,P20396
D009290,P20396
D010003,Q9C040
D015179,Q13263
D005910,Q0P6H7
D001943,Q96LD4
D013274,P0CI26
D006528,Q15645
D009396,Q15645
D001943,Q5JY02
D004938,Q5JY02
D006528,Q12815
D010300,Q5KTC1
D011471,Q8TD43
D015179,Q96QT4
D007154,Q96QT4
D020326,Q7Z2W7
D009765,Q52PU4
D001749,Q52PU4
D005910,Q9HBA0
D010003,Q9HBA0
D012559,Q8N563
D001321,Q96RT5
D001927,Q96RT5
D006528,Q96RT5
D002292,Q96RT5
C565346,Q96RT5
D001321,Q5HYF7
D001927,Q5HYF7
D015470,Q5HYF7
D008175,Q5HYF7
D006111,P01222
D006111,Q8NH23
D008175,Q8NH23
D001249,Q969D9
D006528,Q969D9
D000544,Q8NG11
D012559,Q8WUV1
D001327,Q9BXA7
D006528,Q16762
D011471,Q16762
D011471,Q8N5M4
D006528,P33981
D011085,P33981
D011085,Q3SXZ7
D002311,Q8WZ50
D049310,Q8WZ50
C535393,P49638
D008175,Q13739
D010024,P68363
D010024,Q8N532
D013274,Q8N532
D015470,Q13885
D001943,Q9BV28
D002311,P07437
D004938,P49411
D013274,Q15672
D001943,P10599
D011471,Q86UY0
D004715,Q9H3M7
D013274,Q9H3M7
D015179,Q16881
D010003,Q16881
D005902,Q17RE6
D011471,Q17RE6
D001321,P29597
D003922,P29597
D009103,P29597
D015179,P19971
D013274,P19971
D001749,P19971
D001927,Q53Y97
D001943,Q53Y97
D006528,Q53Y97
D015179,Q53Y97
D008175,Q53Y97
D008228,Q53Y97
D011471,Q53Y97
D013274,Q53Y97
D008175,Q6LES1
D010024,Q7Z780
D011471,Q7Z780
D001943,Q5TZN3
D006528,Q5TZN3
D006528,Q96LR5
D003924,Q96LR5
D001321,Q75MF5
D011085,Q75MF5
D006528,Q9NPD8
D001321,Q9UBN9
D001943,Q8WVY7
D013274,Q05BV2
D006528,P09936
D004938,P09936
D011471,Q9BZX2
D002311,Q4KMT7
D009765,Q4KMT7
D003924,P55851
D009765,P55851
D009765,P55916
D011471,P55916
D018288,Q9H3F9
D003414,Q9H3F9
D005878,Q9H3F9
D006689,Q9H3F9
D006932,Q9H3F9
D012559,Q8WX91
D011471,Q9UHH3
D001749,Q9HCT7
D006528,Q96T88
D013274,Q9BZM5
D009101,Q96C45
D001943,P11172
D006528,P11172
D015179,P11172
D004915,P11172
D011471,P11172
D013274,P11172
D011471,Q70J99
D002292,Q4W5H4
D015179,Q6FHS8
D010300,Q16831
D001321,Q6AHZ8
D002446,Q6AHZ8
D001943,Q6IAS0
D009765,P22695
D013274,Q5T4A9
D006528,Q96N76
D008175,Q9UMW8
D011471,Q96RU2
D006528,Q08AK7
D003924,Q86UV5
D011471,Q93009
D001749,Q93009
D004715,Q9Y2C2
D011471,Q9UBK9
D006528,Q6EMK4
D011471,Q9UKW4
D006528,P19320
D003093,P19320
C535932,P19320
D009103,P19320
D004715,Q86W61
D010024,P18206
C563476,Q9HAP1
D011471,Q9HAP1
D010003,Q5JSD2
D000505,Q6T928
D001943,Q6T928
D000083242,Q6T928
D015451,Q6T928
D009103,Q6T928
D011471,Q6T928
C562794,Q6T928
D000544,Q96FD9
D001249,Q96FD9
D008269,Q96FD9
D012516,Q96FD9
D011471,Q96FD9
D001943,Q8TEV2
D001943,Q6FH59
D009765,Q05BJ3
D002292,Q9UMS8
D008175,Q9UMS8
D009103,Q9UMS8
D010673,Q9UMS8
D009396,Q9UMS8
D001943,P08670
D010003,P08670
D011471,P08670
D001321,P01282
D011471,P01282
D006528,P32241
D012559,P41587
D001321,Q5VVF8
D009765,Q5VVF8
D002292,Q3SXP2
D015470,Q96AW1
D010300,Q96QK1
D012559,Q96QK1
D001943,Q96JC1
D012559,Q96JC1
D011471,Q4VXZ2
D006528,Q9Y279
D015470,Q9Y279
D000544,Q53RT2
D015179,Q96AJ9
D056725,P04275
D056729,P04275
D011471,Q9BTA9
D011471,Q5T8P4
D001321,Q6PIM1
D010024,Q53GN4
C562785,Q9BZH6
D012559,Q9BZH6
D002311,Q53T99
D001249,Q8NI36
D005902,Q8NI36
D006528,Q9H967
D015179,Q9Y5W5
D004938,Q9Y5W5
D013274,Q9Y5W5
D010024,P04628
D001321,P09544
D009765,P56704
D011471,Q8IUM6
D008175,Q6DK41
D001943,Q93046
D015464,Q93046
D015470,Q93046
D008175,Q93046
D012516,Q93046
D016649,Q93046
D009396,Q93046
D000544,Q9NZC7
D001943,Q9NZC7
D004938,Q9NZC7
D013274,Q9NZC7
D018232,Q9GZV5
D015179,Q6GPH4
D005910,Q6GPH4
D013274,Q6GPH4
D006528,Q9HD64
D005910,P17861
D009103,P17861
D001321,Q585T6
D004938,P98170
D001321,Q01831
D008175,Q01831
D005910,P18887
D011471,P18887
D013274,P18887
D001943,Q53XC8
D004938,Q53XC8
D013274,Q53XC8
D001943,P46937
D006528,P46937
D015179,P46937
D009447,P46937
D001943,Q6PKI6
D002292,Q9GZM5
D001749,Q6ZT45
D009101,Q5JXC6
D006528,Q9Y5A9
D010003,Q53S41
D009101,P25490
D011471,Q05516
C536420,Q9HC78
D011471,Q9HC78
D013274,Q9HC78
D015470,Q8TB76
D011471,Q8TB76
D009765,Q96K80
D001943,Q0D2N5
D003924,Q9BWJ8
D000505,Q8IUH4
D010024,Q8IUH4
D001943,Q32Q63
D003924,Q9H8U3
D011471,Q5QPB1
D000083242,Q8N2Y6
D009765,Q8N2Y6
D011471,Q8N2Y6
D000505,P26651
D006528,P26651
D015179,P47974
D011471,P47974
D009765,Q9UPR6
D006528,Q8N9L1
D006528,Q96T25
D015179,Q9BRR0
D012559,Q969J2
D002446,Q149N7
D015179,Q149N7
D012516,Q149N7
D011471,Q14202
D001321,Q6PJR5
D011471,Q9HCG1
D013274,Q9HCG1
D009765,Q7Z761
D013274,Q13360
D006528,P17027
D003924,Q9Y2Q1
D009103,Q14586
D015179,Q6P495
D011471,Q6P495
D001943,Q495P1
D001943,Q0VAH5
D015179,Q7RTV3
D001943,Q494X3
D012559,Q7Z2X8
D012559,Q6P9A1
D013274,Q9BR84
D012559,Q8N9K5
D015179,Q5MCW4
D008175,Q8IYB9
D002292,Q7L2R6
D002292,Q7Z570
D012559,Q7Z570
D001943,Q9P217
D015179,Q9BUS0
