Drug,Protein
DB00014,P22888
DB00014,P30968
DB00035,P30518
DB00035,P37288
DB00035,P47901
DB00091,P49069
DB00091,Q96LZ3
DB00091,P62937
DB00091,P30405
DB00115,Q99707
DB00115,P22033
DB00115,Q9UBK8
DB00115,Q8IVH4
DB00115,Q9Y4U1
DB00115,P42898
DB00122,P36544
DB00122,Q9Y5K3
DB00122,P22303
DB00122,P49585
DB00122,O14939
DB00122,P06276
DB00122,Q13393
DB00122,Q8TCT1
DB00125,Q8WY07
DB00125,Q96A70
DB00125,P04424
DB00125,P35228
DB00125,P30825
DB00125,P78540
DB00125,O43246
DB00125,P00966
DB00125,P29474
DB00126,Q54873
DB00126,P24300
DB00126,O00469
DB00126,O14832
DB00126,O60568
DB00126,O75936
DB00126,P09172
DB00126,P19021
DB00126,Q32P28
DB00126,Q8IVL5
DB00126,Q8IVL6
DB00126,P13674
DB00126,Q8N543
DB00126,Q6N063
DB00126,Q6NS38
DB00126,Q96Q83
DB00126,Q9BY66
DB00126,Q02809
DB00126,Q9NVH6
DB00126,Q9NXG6
DB00126,Q9GZT9
DB00126,Q96KS0
DB00126,Q9H6Z9
DB00131,Q13131
DB00131,P54646
DB00131,Q9Y478
DB00131,O43741
DB00131,P54619
DB00131,Q9UGJ0
DB00131,Q9UGI9
DB00131,P55263
DB00131,Q9Y478
DB00131,Q9NR19
DB00131,Q13131
DB00131,Q08828
DB00131,P33121
DB00131,P16220
DB00131,Q07343
DB00131,P49773
DB00131,Q08499
DB00131,P09467
DB00136,P11473
DB00136,P31260
DB00140,Q969G6
DB00140,P0AFU8
DB00140,P30043
DB00141,P15291
DB00141,O60513
DB00141,Q9UJ70
DB00141,Q9UK23
DB00141,P54802
DB00141,P51606
DB00146,P11473
DB00152,Q9H3S4
DB00153,P11473
DB00153,Q06432
DB00153,Q9Y698
DB00153,O60359
DB00153,Q9UBN1
DB00153,Q9UF02
DB00153,Q9BXT2
DB00153,P62955
DB00153,Q8WXS5
DB00153,P54289
DB00153,Q9NY47
DB00153,Q8IZS8
DB00153,Q7Z3S7
DB00153,Q13936
DB00153,Q01668
DB00153,O60840
DB00153,Q13698
DB00153,Q02641
DB00153,Q08289
DB00153,P54284
DB00153,O00305
DB00153,Q00975
DB00153,O00555
DB00153,Q15878
DB00153,O43497
DB00153,O95180
DB00153,Q9P0X4
DB00158,P41439
DB00158,P14207
DB00158,P15328
DB00159,P35354
DB00159,P23219
DB00159,P37231
DB00159,Q03181
DB00159,O14842
DB00159,P32418
DB00159,O15540
DB00159,O60427
DB00159,O60488
DB00159,Q8NER1
DB00159,Q07869
DB00159,P09917
DB00160,P21549
DB00160,P24298
DB00160,Q9Y697
DB00160,Q7Z2H8
DB00160,Q9UHI5
DB00160,Q9BYV1
DB00160,P49588
DB00160,P43007
DB00160,P80404
DB00160,Q16719
DB00160,Q5JTZ9
DB00160,Q8IUZ5
DB00160,Q8TD30
DB00162,P05090
DB00162,P41222
DB00162,Q96NR8
DB00162,Q92781
DB00162,Q8NBN7
DB00162,O94788
DB00162,P00352
DB00162,O95237
DB00162,O75911
DB00162,P47895
DB00162,Q6NUM9
DB00162,Q8TC12
DB00162,Q9BTZ2
DB00162,Q9HBH5
DB00162,Q9NYR8
DB00163,Q9UDX3
DB00163,Q9UDX4
DB00163,O76054
DB00163,O75469
DB00163,P05771
DB00163,P09917
DB00163,P17252
DB00163,P23743
DB00163,P62714
DB00163,P67775
DB00165,O00764
DB00167,P45954
DB00167,P54687
DB00167,O15382
DB00167,P41252
DB00167,Q9NSE4
DB00169,P11473
DB00175,P04035
DB00175,Q92769
DB00176,P31645
DB00176,Q12809
DB00177,P30556
DB00178,P12821
DB00178,P46663
DB00179,P09917
DB00179,P04278
DB00179,Q96QT4
DB00180,P04150
DB00181,O75899
DB00181,P61073
DB00181,Q9UBS5
DB00182,Q05940
DB00182,Q01959
DB00182,Q16568
DB00182,Q96RJ0
DB00182,P21397
DB00182,P27338
DB00182,P23975
DB00182,P35348
DB00182,P35368
DB00182,P25100
DB00182,P08913
DB00182,P18089
DB00182,P18825
DB00182,P08588
DB00182,P07550
DB00182,P13945
DB00182,P14416
DB00182,P27338
DB00182,P31645
DB00186,P14867
DB00186,P47869
DB00186,P34903
DB00186,P48169
DB00186,P31644
DB00186,Q16445
DB00186,P18505
DB00186,P47870
DB00186,P28472
DB00186,O14764
DB00186,P78334
DB00186,Q8N1C3
DB00186,P18507
DB00186,Q99928
DB00186,O00591
DB00186,Q9UN88
DB00186,P14867
DB00186,P47869
DB00186,P34903
DB00186,P31644
DB00186,Q8N1C3
DB00186,P18507
DB00186,Q99928
DB00187,P08588
DB00188,P28074
DB00188,P20618
DB00190,P20711
DB00191,P23975
DB00191,P31645
DB00191,Q01959
DB00191,P21397
DB00191,P27338
DB00191,P01303
DB00193,P35372
DB00193,P23975
DB00193,P31645
DB00193,Q99250
DB00193,Q05586
DB00193,Q12879
DB00193,Q13224
DB00193,Q14957
DB00193,O15399
DB00193,Q8TCU5
DB00193,O60391
DB00193,P30542
DB00193,P08913
DB00193,P18089
DB00193,P18825
DB00193,P28335
DB00193,P41145
DB00193,P41143
DB00193,P36544
DB00193,P20309
DB00193,P11229
DB00193,P25103
DB00193,Q8NER1
DB00195,P08588
DB00195,P07550
DB00199,O43193
DB00199,Q12809
DB00200,Q99707
DB00200,P22033
DB00200,Q8IVH4
DB00200,P20061
DB00200,Q9BXJ7
DB00200,O60494
DB00200,Q9Y4U1
DB00201,P30542
DB00201,P29274
DB00201,P29275
DB00201,P0DMS8
DB00201,Q01064
DB00201,Q08499
DB00201,Q13370
DB00201,O76074
DB00201,Q07343
DB00201,P21817
DB00201,P54750
DB00201,Q01064
DB00201,Q14123
DB00201,Q9Y233
DB00201,P27815
DB00201,Q07343
DB00201,Q08493
DB00201,Q08499
DB00201,Q9NP56
DB00201,O00408
DB00201,Q14432
DB00201,Q13370
DB00201,O76074
DB00201,P51160
DB00201,Q9HCR9
DB00201,Q13946
DB00201,O60658
DB00201,O95263
DB00201,O76083
DB00201,P16499
DB00201,P35913
DB00201,P78527
DB00201,O00329
DB00201,P42336
DB00201,P42338
DB00201,Q14643
DB00201,Q14571
DB00201,Q14573
DB00201,Q13315
DB00203,O76074
DB00203,P18545
DB00203,Q13956
DB00203,P11926
DB00203,Q9NZQ7
DB00204,Q12809
DB00204,O95069
DB00204,Q14500
DB00206,Q05940
DB00206,P54219
DB00206,O15392
DB00208,Q9H244
DB00210,P10826
DB00210,P13631
DB00210,P28702
DB00210,P48443
DB00210,P19793
DB00210,P05412
DB00210,O60603
DB00210,P10276
DB00210,P17174
DB00211,P35348
DB00211,P35368
DB00211,P25100
DB00213,P20648
DB00213,O94760
DB00214,P55011
DB00214,Q13621
DB00215,P31645
DB00215,P35367
DB00216,P28221
DB00216,P28222
DB00216,P30939
DB00216,P08908
DB00218,P43700
DB00218,P43702
DB00218,P11388
DB00218,P27169
DB00221,P08588
DB00221,P07550
DB00222,Q14654
DB00222,P48048
DB00222,Q09428
DB00226,P23975
DB00227,P04035
DB00227,P20701
DB00227,Q92769
DB00230,P54289
DB00232,Q13621
DB00232,P00915
DB00232,P00918
DB00232,P22748
DB00240,P04150
DB00241,P47869
DB00241,P34903
DB00241,P48169
DB00241,P31644
DB00241,Q16445
DB00241,P14867
DB00241,P47869
DB00241,P34903
DB00241,P48169
DB00241,P31644
DB00241,Q16445
DB00241,P18505
DB00241,P47870
DB00241,P28472
DB00241,O14764
DB00241,P78334
DB00241,Q8N1C3
DB00241,P18507
DB00241,Q99928
DB00241,O00591
DB00241,Q9UN88
DB00241,P14867
DB00241,P43681
DB00241,P36544
DB00241,P42262
DB00241,Q13002
DB00242,P23921
DB00242,P31350
DB00242,Q7LG56
DB00242,P09884
DB00242,Q07864
DB00242,P56282
DB00242,Q9NRF9
DB00242,Q9NR33
DB00242,P00491
DB00244,P35354
DB00244,P23219
DB00244,P09917
DB00244,P37231
DB00244,O15111
DB00244,O14920
DB00244,P35228
DB00245,P11229
DB00245,Q01959
DB00245,P35367
DB00245,P31645
DB00245,P23975
DB00246,P14416
DB00246,P28223
DB00246,P08908
DB00246,P28221
DB00246,P28335
DB00246,P21728
DB00246,P21918
DB00246,P35462
DB00246,P21917
DB00246,P28222
DB00246,P28566
DB00246,P50406
DB00246,P34969
DB00246,P35367
DB00246,P35348
DB00246,P35368
DB00246,P08913
DB00246,P18089
DB00246,P18825
DB00246,P11229
DB00246,P08172
DB00246,P20309
DB00246,P08173
DB00246,P08912
DB00246,P46098
DB00246,O95264
DB00246,Q8WXA8
DB00246,Q70Z44
DB00246,A5X5Y0
DB00246,P47898
DB00248,P14416
DB00248,P41595
DB00248,P35462
DB00248,P28223
DB00248,P18089
DB00248,P28221
DB00248,P21917
DB00248,P08913
DB00248,P08908
DB00248,P18825
DB00248,P21918
DB00248,P21728
DB00248,P28222
DB00248,P28335
DB00248,P34969
DB00248,P35348
DB00248,P35368
DB00248,P25100
DB00248,P08588
DB00248,P07550
DB00248,P21728
DB00248,P21918
DB00252,Q14524
DB00252,P35498
DB00252,Q12809
DB00252,Q13936
DB00252,Q01668
DB00252,O60840
DB00252,Q13698
DB00252,Q02641
DB00252,Q08289
DB00252,P54284
DB00252,O00305
DB00252,O00555
DB00252,Q99250
DB00252,Q9UQD0
DB00252,O75469
DB00252,Q07699
DB00252,Q9NY46
DB00252,P14867
DB00252,P47869
DB00252,P34903
DB00252,P48169
DB00252,P31644
DB00252,Q16445
DB00252,P18505
DB00252,P47870
DB00252,P28472
DB00252,O14764
DB00252,P78334
DB00252,Q8N1C3
DB00252,P18507
DB00252,Q99928
DB00252,O00591
DB00252,Q9UN88
DB00253,P04150
DB00255,Q92731
DB00255,P03372
DB00255,P62508
DB00255,P11474
DB00255,O95718
DB00255,Q15596
DB00255,O75469
DB00255,P10275
DB00255,P04278
DB00257,P10613
DB00257,O15554
DB00257,O75469
DB00257,Q8TDS4
DB00262,P00390
DB00264,P08588
DB00264,P07550
DB00264,P08588
DB00264,P07550
DB00264,P13945
DB00268,P35462
DB00268,P14416
DB00268,P21917
DB00268,P35348
DB00268,P35368
DB00268,P25100
DB00268,P08913
DB00268,P18089
DB00268,P18825
DB00270,Q13936
DB00270,P54289
DB00270,Q08289
DB00270,O95180
DB00270,Q9NY47
DB00270,Q01668
DB00270,Q13698
DB00273,P14867
DB00273,P35498
DB00273,Q9Y5Y9
DB00273,Q9UI33
DB00273,Q99250
DB00273,Q9NY46
DB00273,P35499
DB00273,Q14524
DB00273,Q01118
DB00273,Q9UQD0
DB00273,Q15858
DB00273,P39086
DB00273,Q13002
DB00273,Q13003
DB00273,Q16099
DB00273,Q16478
DB00273,P00918
DB00273,P22748
DB00273,Q13936
DB00273,Q01668
DB00273,O60840
DB00273,Q13698
DB00273,Q02641
DB00273,Q08289
DB00273,P54284
DB00273,O00305
DB00273,P00915
DB00273,P07451
DB00273,Q15878
DB00275,P30556
DB00276,P11388
DB00276,Q12809
DB00276,P02763
DB00276,P02768
DB00277,P30542
DB00277,P29274
DB00277,P29275
DB00277,Q07343
DB00277,O76074
DB00277,P27815
DB00277,Q14432
DB00277,Q92769
DB00277,Q99829
DB00277,Q8TCT9
DB00277,Q15155
DB00277,P09874
DB00277,Q7Z5B4
DB00277,Q9Y4R7
DB00278,P00734
DB00279,P10827
DB00279,P10828
DB00279,P12004
DB00280,Q14524
DB00280,P11229
DB00280,P08172
DB00280,P20309
DB00280,Q9NZV8
DB00280,Q9UK17
DB00280,Q12809
DB00280,P19652
DB00281,Q9Y5Y9
DB00281,Q15858
DB00281,Q14524
DB00281,P00533
DB00281,P35499
DB00281,P02763
DB00281,P19652
DB00282,P14324
DB00282,O95749
DB00282,P42574
DB00282,P55211
DB00283,P35367
DB00284,O43451
DB00284,P14410
DB00284,P04746
DB00284,P10253
DB00285,P31645
DB00285,P23975
DB00285,Q01959
DB00286,Q92731
DB00286,P03372
DB00287,P43088
DB00289,P23975
DB00289,P31645
DB00289,Q05586
DB00289,Q12879
DB00289,Q13224
DB00289,Q14957
DB00289,O15399
DB00289,Q8TCU5
DB00289,O60391
DB00289,P48549
DB00289,P41145
DB00290,P18858
DB00290,P49916
DB00295,P35372
DB00295,P41145
DB00295,P41143
DB00295,Q9Y6Y9
DB00297,Q9Y5Y9
DB00297,P34995
DB00302,P00747
DB00304,P06401
DB00304,P03372
DB00307,P19793
DB00307,P28702
DB00307,P48443
DB00308,Q13936
DB00308,Q02641
DB00308,Q12809
DB00308,P54289
DB00308,Q06432
DB00308,O00180
DB00308,Q9Y257
DB00308,Q9H252
DB00308,Q9NS40
DB00308,Q14654
DB00310,P00915
DB00310,Q13621
DB00313,Q9UKV0
DB00313,P45954
DB00313,Q02218
DB00313,P51649
DB00313,P35498
DB00313,Q9Y5Y9
DB00313,Q9UI33
DB00313,Q99250
DB00313,Q9NY46
DB00313,P35499
DB00313,Q14524
DB00313,Q01118
DB00313,Q9UQD0
DB00313,Q15858
DB00313,Q07699
DB00313,O60939
DB00313,Q9NY72
DB00313,Q8IWT1
DB00313,Q92769
DB00313,Q07869
DB00313,Q03181
DB00313,P37231
DB00313,Q13547
DB00313,Q969S8
DB00313,Q96DB2
DB00313,Q92769
DB00313,O15379
DB00313,P56524
DB00313,Q9UQL6
DB00313,Q9UBN7
DB00313,Q8WUI4
DB00313,Q9BY41
DB00313,Q9UKV0
DB00313,P38936
DB00313,P14210
DB00313,P11926
DB00313,Q9NZQ7
DB00315,P28222
DB00315,P28221
DB00315,P30939
DB00315,P28566
DB00315,P34969
DB00315,P08908
DB00315,P28223
DB00315,P41595
DB00316,P35354
DB00316,P23219
DB00316,Q15185
DB00316,Q8NER1
DB00318,P35372
DB00318,P41145
DB00318,P41143
DB00320,P28222
DB00320,P28221
DB00320,P30939
DB00320,P08913
DB00320,P08908
DB00320,P28566
DB00320,P28223
DB00320,P41595
DB00320,P28335
DB00320,P35348
DB00320,P35368
DB00320,P25100
DB00320,P08913
DB00320,P18089
DB00320,P18825
DB00320,P14416
DB00320,P35462
DB00320,P21917
DB00320,Q13639
DB00320,P13945
DB00321,P23975
DB00321,P31645
DB00321,P28223
DB00321,P08908
DB00321,P41143
DB00321,P41145
DB00321,P04629
DB00321,Q16620
DB00321,P35348
DB00321,P25100
DB00321,P08913
DB00321,P35367
DB00321,O43526
DB00321,Q09470
DB00321,P25021
DB00321,Q9H3N8
DB00321,Q99720
DB00321,P28335
DB00321,P35368
DB00321,P34969
DB00321,P28221
DB00321,P35372
DB00321,P28222
DB00321,P50406
DB00321,O43525
DB00321,P08909
DB00321,P11229
DB00321,P08172
DB00321,P20309
DB00321,P08173
DB00321,P08912
DB00321,Q12809
DB00321,Q9H252
DB00321,Q9NS40
DB00323,P21964
DB00324,P04150
DB00325,P16066
DB00327,P35372
DB00327,P41143
DB00327,P41145
DB00328,P35354
DB00328,P14555
DB00328,P23219
DB00328,Q8N8N7
DB00328,P37231
DB00328,Q04760
DB00328,Q9Y5Y4
DB00328,Q07869
DB00328,P42330
DB00328,P19525
DB00328,P23219
DB00328,P35354
DB00331,Q16134
DB00331,Q9Y478
DB00331,P21695
DB00332,P20309
DB00332,P11229
DB00332,P08172
DB00333,P35372
DB00333,Q05586
DB00333,Q12879
DB00333,Q13224
DB00333,Q14957
DB00333,O15399
DB00333,Q8TCU5
DB00333,O60391
DB00333,P41143
DB00333,P36544
DB00333,P46098
DB00333,P32297
DB00333,P43681
DB00333,P17787
DB00334,P28223
DB00334,P14416
DB00334,P21728
DB00334,P21918
DB00334,P35462
DB00334,P21917
DB00334,P28335
DB00334,P46098
DB00334,P50406
DB00334,P35367
DB00334,P35348
DB00334,P35368
DB00334,P11229
DB00334,P08172
DB00334,P20309
DB00334,P08173
DB00334,P21728
DB00334,P21918
DB00334,P08588
DB00334,P07550
DB00334,P13945
DB00334,P08908
DB00334,P28222
DB00334,P28221
DB00334,P28566
DB00334,P30939
DB00334,P14867
DB00334,P47869
DB00334,P34903
DB00334,P31644
DB00334,Q8N1C3
DB00334,P18507
DB00334,Q99928
DB00335,P08588
DB00335,P07550
DB00337,P42345
DB00337,P62942
DB00338,P20648
DB00338,P35869
DB00341,P35367
DB00342,P35367
DB00342,P20309
DB00342,P11229
DB00342,P08912
DB00342,P08173
DB00342,P08172
DB00342,Q12809
DB00343,Q13936
DB00343,Q06432
DB00346,P35348
DB00346,P35368
DB00346,P25100
DB00346,P35348
DB00346,P35368
DB00346,P25100
DB00349,P14867
DB00349,P47869
DB00349,P34903
DB00349,P48169
DB00349,P31644
DB00349,Q16445
DB00349,P18505
DB00349,P47870
DB00349,P28472
DB00349,O14764
DB00349,P78334
DB00349,Q8N1C3
DB00349,P18507
DB00349,Q99928
DB00349,O00591
DB00349,Q9UN88
DB00349,P14867
DB00349,P47869
DB00349,P34903
DB00349,P31644
DB00349,Q8N1C3
DB00349,P18507
DB00349,Q99928
DB00350,P48048
DB00350,P00797
DB00350,P23219
DB00351,P06401
DB00351,P04150
DB00353,P21728
DB00353,P41595
DB00354,P35367
DB00354,P11229
DB00356,Q12791
DB00357,P05108
DB00357,P11511
DB00361,P07437
DB00363,P21728
DB00363,P14416
DB00363,P35462
DB00363,P21917
DB00363,P21918
DB00363,P08908
DB00363,P28222
DB00363,P28221
DB00363,P28566
DB00363,P28223
DB00363,P46098
DB00363,P28335
DB00363,P50406
DB00363,P34969
DB00363,P18825
DB00363,P35367
DB00363,Q9H3N8
DB00363,P35348
DB00363,P35368
DB00363,P08913
DB00363,P18089
DB00363,P11229
DB00363,P08172
DB00363,P20309
DB00363,P08173
DB00363,P08912
DB00363,Q9NYX4
DB00363,P09211
DB00363,Q9UBS5
DB00363,O75899
DB00363,P14867
DB00363,P18505
DB00363,Q8N1C3
DB00364,P0DJD9
DB00364,P09038
DB00364,P01133
DB00364,P02671
DB00364,P02675
DB00364,P02679
DB00366,P35367
DB00366,Q14994
DB00366,P11229
DB00366,P08172
DB00366,P20309
DB00366,P08173
DB00366,P08912
DB00367,P06401
DB00367,P18405
DB00367,P03372
DB00367,P10275
DB00367,P04278
DB00367,P04150
DB00368,P35348
DB00368,P35368
DB00368,P25100
DB00368,P08913
DB00368,P18089
DB00368,P18825
DB00368,P08588
DB00368,P07550
DB00368,P13945
DB00368,P00439
DB00368,Q05940
DB00368,P54219
DB00371,P14867
DB00371,P47869
DB00371,P34903
DB00371,P48169
DB00371,P31644
DB00371,Q16445
DB00371,P18505
DB00371,P47870
DB00371,P28472
DB00371,O14764
DB00371,P78334
DB00371,Q8N1C3
DB00371,P18507
DB00371,Q99928
DB00371,O00591
DB00371,Q9UN88
DB00371,P14867
DB00371,P47869
DB00371,P34903
DB00371,P48169
DB00371,P31644
DB00371,Q16445
DB00373,P08588
DB00373,P07550
DB00373,P00720
DB00374,P43119
DB00374,P43116
DB00374,Q13258
DB00374,Q03181
DB00374,Q9H244
DB00376,P11229
DB00376,P08172
DB00376,P20309
DB00376,P08173
DB00376,P08912
DB00379,Q14524
DB00379,P35869
DB00380,P11388
DB00380,Q02880
DB00381,Q13936
DB00381,Q9P0X4
DB00381,Q00975
DB00381,Q02641
DB00381,Q8IZS8
DB00381,P00915
DB00381,P17405
DB00381,A0A024R8I1
DB00381,Q00975
DB00382,P06276
DB00382,P22303
DB00382,P23141
DB00384,P51170
DB00384,P37088
DB00384,P51168
DB00384,P51172
DB00385,P11388
DB00387,P20309
DB00387,P11229
DB00387,P08172
DB00387,P08173
DB00388,P35348
DB00388,P35368
DB00388,P25100
DB00390,P05023
DB00392,P11229
DB00392,Q8TCU5
DB00392,P08172
DB00393,Q13936
DB00393,Q01668
DB00393,O60840
DB00393,Q13698
DB00393,Q02641
DB00393,Q08289
DB00393,P54284
DB00393,O00305
DB00393,P08235
DB00393,P35869
DB00394,P04150
DB00396,P06401
DB00396,P08235
DB00396,P03372
DB00396,P05093
DB00396,P41145
DB00396,P02763
DB00396,P04150
DB00396,P10275
DB00396,P04278
DB00396,Q92731
DB00397,P21728
DB00397,P08588
DB00397,P07550
DB00397,P08913
DB00397,P18089
DB00397,P18825
DB00398,P15056
DB00398,P04049
DB00398,P35916
DB00398,P35968
DB00398,P17948
DB00398,P36888
DB00398,P09619
DB00398,P10721
DB00398,P11362
DB00398,P07949
DB00399,O95749
DB00399,P14324
DB00401,Q13936
DB00401,P54289
DB00401,Q08289
DB00401,Q01668
DB00401,Q13698
DB00404,P14867
DB00404,P47869
DB00404,P34903
DB00404,P48169
DB00404,P31644
DB00404,Q16445
DB00404,P18505
DB00404,P47870
DB00404,P28472
DB00404,O14764
DB00404,P78334
DB00404,Q8N1C3
DB00404,P18507
DB00404,Q99928
DB00404,O00591
DB00404,Q9UN88
DB00404,P14867
DB00404,P47869
DB00404,P34903
DB00404,P31644
DB00404,Q8N1C3
DB00404,P18507
DB00404,Q99928
DB00405,P35367
DB00407,P01008
DB00407,P05546
DB00408,P28223
DB00408,P14416
DB00408,P28335
DB00408,P08908
DB00408,P28222
DB00408,P28221
DB00408,P28566
DB00408,P46098
DB00408,P47898
DB00408,P50406
DB00408,P34969
DB00408,P35348
DB00408,P35368
DB00408,P08913
DB00408,P18089
DB00408,P18825
DB00408,P08588
DB00408,P11229
DB00408,P08172
DB00408,P20309
DB00408,P08173
DB00408,P08912
DB00408,P21728
DB00408,P21918
DB00408,P35462
DB00408,P21917
DB00408,P21918
DB00408,P35367
DB00408,P25021
DB00408,Q9H3N8
DB00408,P31645
DB00408,P23975
DB00408,Q01959
DB00408,P21728
DB00412,P37231
DB00412,O60488
DB00412,Q07869
DB00412,Q03181
DB00412,P19793
DB00412,P28702
DB00412,P48443
DB00413,P35462
DB00413,P14416
DB00413,P21917
DB00413,P08908
DB00413,P08913
DB00414,P48048
DB00419,Q16739
DB00421,P08235
DB00421,P04150
DB00421,P10275
DB00421,P06401
DB00421,P03372
DB00421,Q92731
DB00421,O75469
DB00421,Q13936
DB00421,Q01668
DB00421,O60840
DB00421,Q13698
DB00421,Q02641
DB00421,Q08289
DB00421,P54284
DB00421,O00305
DB00421,O00555
DB00422,Q01959
DB00422,P08908
DB00422,P23975
DB00424,P11229
DB00424,P08172
DB00424,P20309
DB00424,P08173
DB00424,Q08828
DB00427,P35367
DB00428,Q89ZI2
DB00428,P11168
DB00428,O60502
DB00433,P14416
DB00433,P35367
DB00433,P35348
DB00433,P35368
DB00433,P25100
DB00433,P08913
DB00433,P18089
DB00433,P18825
DB00434,P35367
DB00434,P28223
DB00434,P28335
DB00434,P25021
DB00434,P41595
DB00434,P11229
DB00434,P08172
DB00434,P20309
DB00434,P34969
DB00436,P55017
DB00436,Q12791
DB00436,P00915
DB00436,P00918
DB00436,P22748
DB00437,P47989
DB00440,P0ABQ4
DB00441,P23921
DB00441,P04818
DB00441,P30085
DB00443,P04150
DB00444,P11388
DB00445,P11388
DB00448,P20648
DB00448,P10636
DB00449,P35348
DB00449,P08913
DB00449,P07550
DB00449,P06276
DB00449,P22303
DB00451,P06756
DB00451,P05106
DB00451,P10827
DB00451,P10828
DB00454,P41145
DB00454,Q05586
DB00454,Q13224
DB00454,Q12879
DB00454,Q14957
DB00454,O15399
DB00454,P11229
DB00454,P08172
DB00454,P20309
DB00454,P08173
DB00454,P08912
DB00454,P35372
DB00454,Q01959
DB00454,P23975
DB00454,P31645
DB00454,P23141
DB00455,P35367
DB00455,Q12809
DB00457,P35348
DB00457,P35368
DB00457,P25100
DB00457,Q12809
DB00457,P08913
DB00457,P18089
DB00457,P35348
DB00457,P35368
DB00457,P25100
DB00458,P23975
DB00458,P31645
DB00458,P28223
DB00458,P35367
DB00458,P35348
DB00458,P25100
DB00458,P11229
DB00458,P08172
DB00458,P20309
DB00458,P08173
DB00458,P08912
DB00458,Q9NZV8
DB00458,Q9UK17
DB00458,P28335
DB00458,P35368
DB00458,P34969
DB00458,P21728
DB00458,P21918
DB00458,P14416
DB00458,Q12809
DB00458,Q01959
DB00458,P08908
DB00458,P50406
DB00458,O95259
DB00458,P19652
DB00461,P35354
DB00461,P23219
DB00464,P07225
DB00464,P04070
DB00465,P35354
DB00465,P23219
DB00468,P14770
DB00468,O15554
DB00469,P35354
DB00469,P23219
DB00470,P21554
DB00470,P34972
DB00471,Q9Y271
DB00471,P09917
DB00472,P31645
DB00472,P28335
DB00472,Q15822
DB00472,P32297
DB00472,P30926
DB00472,P61024
DB00472,Q12809
DB00475,P14867
DB00475,P47869
DB00475,P34903
DB00475,P48169
DB00475,P31644
DB00475,Q16445
DB00475,P18505
DB00475,P47870
DB00475,P28472
DB00475,O14764
DB00475,P78334
DB00475,Q8N1C3
DB00475,P18507
DB00475,Q99928
DB00475,O00591
DB00475,Q9UN88
DB00475,P14867
DB00475,P47869
DB00475,P34903
DB00475,P31644
DB00475,Q8N1C3
DB00475,P18507
DB00475,Q99928
DB00476,P31645
DB00476,P23975
DB00476,Q01959
DB00477,P14416
DB00477,P21728
DB00477,P08908
DB00477,P28223
DB00477,P35348
DB00477,P35368
DB00477,P35367
DB00477,Q12809
DB00477,P21728
DB00477,P21918
DB00477,P35462
DB00477,P21917
DB00477,P21918
DB00477,P28335
DB00477,P28223
DB00477,P41595
DB00477,P28335
DB00477,P35348
DB00477,P35368
DB00477,P25100
DB00477,P08913
DB00477,P18089
DB00477,P18825
DB00477,P11229
DB00477,P20309
DB00477,P17405
DB00477,P0DP23
DB00477,P02763
DB00477,P19652
DB00477,P50406
DB00477,P34969
DB00477,Q9H3N8
DB00480,Q96SW2
DB00480,O14788
DB00480,P33151
DB00480,P35354
DB00481,P03372
DB00481,Q92731
DB00481,P50453
DB00481,P04155
DB00482,P35354
DB00482,P00918
DB00482,P07451
DB00482,P55287
DB00482,O15530
DB00482,Q99519
DB00484,P08913
DB00484,P18089
DB00484,P18825
DB00489,P08588
DB00489,P07550
DB00489,Q12809
DB00490,P08908
DB00490,P14416
DB00490,P35462
DB00490,P21917
DB00490,P35348
DB00490,P35368
DB00490,P25100
DB00491,P10253
DB00491,Q14697
DB00491,Q8TET4
DB00491,O43451
DB00492,P12821
DB00494,P21964
DB00497,P35372
DB00497,P41145
DB00497,P41143
DB00499,P10275
DB00499,P35869
DB00499,O75469
DB00500,P35354
DB00500,P23219
DB00501,P25021
DB00502,P28335
DB00502,P14416
DB00502,P28223
DB00502,P35462
DB00502,Q99705
DB00502,Q05940
DB00502,Q99720
DB00502,P35367
DB00502,P20309
DB00502,P35348
DB00502,P08913
DB00502,P18089
DB00502,P18825
DB00502,P08908
DB00502,P50406
DB00502,P34969
DB00502,Q13224
DB00502,P21728
DB00508,P14416
DB00508,P21728
DB00508,P41595
DB00508,P11229
DB00508,P08172
DB00514,Q99720
DB00514,Q8TCU5
DB00514,Q15822
DB00514,P31645
DB00514,O00264
DB00514,P32297
DB00514,P43681
DB00514,P30926
DB00514,P17787
DB00514,P36544
DB00514,P35372
DB00514,P41143
DB00514,P41145
DB00514,P04839
DB00514,P13498
DB00514,P14598
DB00514,P19878
DB00514,Q15080
DB00514,P63000
DB00514,P15153
DB00514,P23975
DB00515,P29372
DB00515,P01023
DB00515,P02787
DB00515,O00244
DB00519,P12821
DB00521,P07550
DB00521,P08588
DB00523,P10276
DB00523,P19793
DB00523,P10826
DB00523,P28702
DB00523,P13631
DB00523,P48443
DB00523,P17936
DB00523,Q15238
DB00523,Q6V0L0
DB00524,P55017
DB00527,Q14524
DB00527,Q9Y5Y9
DB00527,P0DP23
DB00528,Q06432
DB00530,O75469
DB00530,P00533
DB00531,O75469
DB00532,Q14524
DB00532,O75469
DB00535,P08149
DB00535,Q60FT7
DB00535,P05164
DB00536,P05091
DB00536,P07998
DB00536,P78352
DB00536,P00720
DB00536,Q14353
DB00536,P53608
DB00537,P43702
DB00537,P43700
DB00537,P11388
DB00537,Q12809
DB00537,P0AES4
DB00537,P0C1U9
DB00537,Q59192
DB00537,P05653
DB00537,C3T8E2
DB00537,B4YQT9
DB00537,P20831
DB00540,P23975
DB00540,P31645
DB00540,P28223
DB00540,P08908
DB00540,P35367
DB00540,P35348
DB00540,P25100
DB00540,P28335
DB00540,P35368
DB00540,P08913
DB00540,P18089
DB00540,P18825
DB00540,P08588
DB00540,P07550
DB00540,P13945
DB00540,P14416
DB00540,O00264
DB00540,Q99720
DB00540,P08909
DB00540,P11229
DB00540,P08172
DB00540,P20309
DB00540,P08173
DB00540,P08912
DB00541,P07437
DB00541,P68366
DB00542,P12821
DB00544,P04818
DB00545,P06276
DB00545,P22303
DB00547,P04150
DB00548,P66010
DB00548,P51857
DB00548,P31213
DB00548,P14679
DB00548,P00582
DB00549,Q9Y271
DB00550,P07202
DB00552,P00813
DB00554,P35354
DB00554,P23219
DB00555,Q15878
DB00555,P35498
DB00555,Q9Y5Y9
DB00555,Q9UI33
DB00555,Q99250
DB00555,Q9NY46
DB00555,P35499
DB00555,Q14524
DB00555,Q01118
DB00555,Q9UQD0
DB00555,Q15858
DB00555,P30542
DB00555,P29274
DB00555,P35348
DB00555,P08913
DB00555,P08588
DB00555,P21728
DB00555,P21918
DB00555,P14416
DB00555,P14867
DB00555,P47869
DB00555,P34903
DB00555,P48169
DB00555,P31644
DB00555,Q16445
DB00555,P18505
DB00555,P47870
DB00555,P28472
DB00555,O14764
DB00555,P78334
DB00555,Q8N1C3
DB00555,P18507
DB00555,Q99928
DB00555,O00591
DB00555,Q9UN88
DB00555,P14867
DB00555,P47869
DB00555,P34903
DB00555,P31644
DB00555,Q8N1C3
DB00555,P18507
DB00555,Q99928
DB00555,P35367
DB00555,P41145
DB00555,P02708
DB00555,P28223
DB00555,P46098
DB00555,P42261
DB00557,P35367
DB00557,Q12809
DB00559,P24530
DB00559,P25101
DB00563,P04818
DB00563,P31939
DB00563,P00374
DB00564,P35498
DB00564,Q9Y5Y9
DB00564,Q9UI33
DB00564,Q99250
DB00564,Q9NY46
DB00564,P35499
DB00564,Q14524
DB00564,Q01118
DB00564,Q9UQD0
DB00564,Q15858
DB00564,P43681
DB00564,O75469
DB00569,P00742
DB00569,P01008
DB00570,Q71U36
DB00570,P07437
DB00570,Q9UJT1
DB00570,P23258
DB00570,Q9UJT0
DB00570,P05412
DB00571,P08588
DB00571,P07550
DB00571,P13945
DB00571,P08908
DB00571,P28222
DB00572,P11229
DB00572,P08172
DB00572,P20309
DB00572,P08173
DB00572,P08912
DB00572,P23415
DB00572,P43681
DB00572,P17787
DB00573,P35354
DB00573,Q07869
DB00573,P37231
DB00573,P23219
DB00575,P18089
DB00575,P18825
DB00575,P08913
DB00575,P35348
DB00575,P35368
DB00575,P25100
DB00583,P47989
DB00583,P23141
DB00583,P05164
DB00583,P50416
DB00583,Q9H015
DB00583,O76082
DB00583,P43155
DB00583,Q8N8R3
DB00583,O43772
DB00583,Q9UKG9
DB00583,P23786
DB00584,P12821
DB00585,P25021
DB00586,P35354
DB00586,P23219
DB00588,P04150
DB00588,P06401
DB00588,P47712
DB00588,P08235
DB00589,P14416
DB00589,P35462
DB00589,P21917
DB00589,P28223
DB00589,P28335
DB00589,P21728
DB00589,P21918
DB00589,P08908
DB00589,P28221
DB00589,P41595
DB00589,P28222
DB00589,P08913
DB00589,P18089
DB00589,P18825
DB00589,P34969
DB00590,P35348
DB00590,P25100
DB00590,Q12809
DB00590,Q9H252
DB00590,Q9NS40
DB00590,P35368
DB00591,P04150
DB00591,P04083
DB00591,P07355
DB00591,P12429
DB00591,P09525
DB00591,P08758
DB00591,P04054
DB00593,O43497
DB00594,P37088
DB00594,P51168
DB00594,P51170
DB00594,P51172
DB00594,P19801
DB00594,Q16515
DB00594,P78348
DB00594,P19634
DB00594,P00749
DB00596,P04150
DB00598,P08588
DB00598,P07550
DB00598,P35348
DB00598,P35368
DB00598,P25100
DB00603,P06401
DB00603,P03372
DB00603,P08183
DB00603,P14867
DB00603,P47869
DB00603,P34903
DB00603,P48169
DB00603,P31644
DB00603,Q16445
DB00603,P18505
DB00603,P47870
DB00603,P28472
DB00603,O14764
DB00603,P78334
DB00603,Q8N1C3
DB00603,P18507
DB00603,Q99928
DB00603,O00591
DB00603,Q9UN88
DB00604,Q13639
DB00604,P46098
DB00604,P28223
DB00604,Q12809
DB00605,P35354
DB00605,P23219
DB00605,P15121
DB00605,P27361
DB00605,Q03181
DB00605,Q9Y5Y4
DB00605,O60218
DB00608,P09210
DB00608,P01375
DB00608,Q9NR96
DB00608,Q8ILQ7
DB00608,P09429
DB00608,P09488
DB00608,Q9BYF1
DB00611,P41145
DB00611,P41143
DB00611,P35372
DB00612,P08588
DB00612,P07550
DB00619,P11274
DB00619,P10721
DB00619,P07949
DB00619,P04629
DB00619,P07333
DB00619,P16234
DB00619,Q08345
DB00619,P00519
DB00619,P09619
DB00619,Q16832
DB00620,P04150
DB00622,Q13936
DB00622,Q08289
DB00622,P54289
DB00622,Q01668
DB00622,P54750
DB00622,Q01064
DB00622,P35348
DB00622,P35368
DB00622,P25100
DB00622,P11229
DB00622,P08172
DB00622,P20309
DB00622,P08173
DB00622,P08912
DB00622,P0DP23
DB00622,Q06432
DB00622,Q9Y698
DB00622,O60359
DB00622,Q9UBN1
DB00622,Q9UF02
DB00622,Q9BXT2
DB00622,P62955
DB00622,Q8WXS5
DB00622,P54289
DB00622,Q9NY47
DB00622,Q8IZS8
DB00622,Q7Z3S7
DB00622,Q13936
DB00622,Q01668
DB00622,O60840
DB00622,Q13698
DB00622,Q02641
DB00622,Q08289
DB00622,P54284
DB00622,O00305
DB00622,Q00975
DB00622,O00555
DB00622,Q15878
DB00622,O43497
DB00622,O95180
DB00622,Q9P0X4
DB00622,O43497
DB00622,O95180
DB00622,Q9P0X4
DB00623,P14416
DB00623,P21728
DB00623,P0DP23
DB00623,P10275
DB00623,P28223
DB00623,P28335
DB00624,P10275
DB00624,P03372
DB00624,P08235
DB00627,P49019
DB00627,Q8TDS4
DB00627,Q15274
DB00627,P40261
DB00630,P14324
DB00630,P29074
DB00630,Q13332
DB00630,P23469
DB00630,P38606
DB00631,P09884
DB00631,P23921
DB00635,P04150
DB00636,Q07869
DB00637,P35367
DB00637,Q12809
DB00637,O95259
DB00637,P10636
DB00638,Q9F0I5
DB00640,P30542
DB00640,P29274
DB00640,P29275
DB00640,P0DMS8
DB00641,P04035
DB00641,P20701
DB00641,Q92769
DB00642,P04818
DB00642,P31939
DB00642,P00374
DB00642,P22102
DB00644,P30968
DB00644,Q96P88
DB00647,P35372
DB00647,P41143
DB00647,P41145
DB00647,P23141
DB00647,Q05586
DB00647,Q12879
DB00647,Q13224
DB00647,Q14957
DB00647,O15399
DB00647,Q8TCU5
DB00647,O60391
DB00651,Q07343
DB00651,P27815
DB00651,Q08493
DB00651,Q08499
DB00651,P30542
DB00651,P29274
DB00652,Q99720
DB00652,P35372
DB00652,P41145
DB00653,Q13936
DB00653,Q01668
DB00653,O60840
DB00653,Q13698
DB00653,Q02641
DB00653,Q08289
DB00653,P54284
DB00653,O00305
DB00653,O00555
DB00654,P43088
DB00655,P03372
DB00655,Q92731
DB00655,P10275
DB00655,P11511
DB00655,P04278
DB00657,Q15822
DB00657,P36544
DB00657,P43681
DB00657,P17787
DB00659,Q05586
DB00659,Q12879
DB00659,Q13224
DB00659,Q14957
DB00659,O15399
DB00659,Q8TCU5
DB00659,O60391
DB00659,P41594
DB00659,Q9UBS5
DB00661,Q13936
DB00661,Q00975
DB00661,O00555
DB00661,Q14654
DB00661,O43497
DB00661,O95180
DB00661,Q12809
DB00661,P31645
DB00661,P35348
DB00661,P35368
DB00661,P25100
DB00661,Q06432
DB00661,Q9Y698
DB00661,O60359
DB00661,Q9UBN1
DB00661,Q9UF02
DB00661,Q9BXT2
DB00661,P62955
DB00661,Q8WXS5
DB00661,P54289
DB00661,Q9NY47
DB00661,Q8IZS8
DB00661,Q7Z3S7
DB00661,Q13936
DB00661,Q01668
DB00661,O60840
DB00661,Q13698
DB00661,Q02641
DB00661,Q08289
DB00661,P54284
DB00661,O00305
DB00661,Q00975
DB00661,O00555
DB00661,Q15878
DB00661,O43497
DB00661,O95180
DB00661,Q9P0X4
DB00661,P08183
DB00663,P04150
DB00668,P35348
DB00668,P35368
DB00668,P08588
DB00668,P07550
DB00668,P08913
DB00668,P18089
DB00668,P25100
DB00668,P01375
DB00669,P08908
DB00669,P28221
DB00669,P28222
DB00669,P30939
DB00672,Q09428
DB00674,P22303
DB00674,P36544
DB00674,A9X444
DB00674,P06276
DB00675,P03372
DB00675,Q92731
DB00675,P17252
DB00675,P05771
DB00675,Q05655
DB00675,Q02156
DB00675,P05129
DB00675,P41743
DB00675,Q04759
DB00675,Q05513
DB00675,P04278
DB00675,Q15125
DB00675,P10275
DB00675,Q12809
DB00675,O75469
DB00675,P62508
DB00675,P45983
DB00678,P30556
DB00679,P14416
DB00679,P21728
DB00679,P35348
DB00679,P35368
DB00679,P28223
DB00679,Q12809
DB00682,Q9BQB6
DB00682,O75469
DB00686,P09038
DB00686,P05230
DB00686,P08620
DB00687,P08235
DB00687,P04150
DB00691,P12821
DB00692,P35348
DB00692,P35368
DB00692,P25100
DB00692,P08913
DB00692,P18089
DB00692,P18825
DB00692,Q14654
DB00694,P11388
DB00694,Q02880
DB00695,Q13621
DB00695,P00918
DB00695,Q9HC97
DB00696,P28221
DB00696,P28222
DB00696,P28223
DB00696,P35348
DB00696,P35368
DB00696,P25100
DB00696,P14416
DB00696,P08913
DB00696,P21728
DB00696,P21918
DB00696,P08908
DB00696,P30939
DB00696,P28335
DB00696,P41595
DB00696,P18825
DB00697,Q9Y2I1
DB00697,P35348
DB00697,P35368
DB00697,P25100
DB00697,P08913
DB00697,P18089
DB00697,P18825
DB00699,P35348
DB00704,P35372
DB00704,P41145
DB00704,P41143
DB00704,Q99720
DB00706,P35348
DB00706,P25100
DB00706,P35368
DB00710,O95749
DB00710,P14324
DB00712,P35354
DB00712,P23219
DB00714,P21917
DB00714,P14416
DB00714,P35462
DB00714,P21918
DB00714,P21728
DB00714,P18825
DB00714,P18089
DB00714,P08908
DB00714,P28223
DB00714,P41595
DB00714,P28335
DB00714,P08913
DB00714,P28221
DB00714,P28222
DB00715,P31645
DB00715,P23975
DB00715,P28223
DB00715,P35348
DB00715,P35368
DB00715,P25100
DB00715,P08913
DB00715,P18089
DB00715,P18825
DB00715,P08588
DB00715,P07550
DB00715,P13945
DB00715,P14416
DB00715,P35367
DB00715,P08908
DB00715,P28222
DB00715,P28221
DB00715,P28566
DB00715,P30939
DB00715,P28223
DB00715,P41595
DB00715,P28335
DB00715,P46098
DB00715,O95264
DB00715,Q8WXA8
DB00715,Q70Z44
DB00715,A5X5Y0
DB00715,Q13639
DB00715,P50406
DB00715,P34969
DB00715,P11229
DB00715,P08172
DB00715,P20309
DB00715,P08173
DB00715,P08912
DB00715,P41595
DB00715,P21728
DB00715,P21918
DB00716,Q9Y271
DB00716,Q9NS75
DB00716,P21462
DB00716,Q13258
DB00716,P07900
DB00717,P06401
DB00717,P10275
DB00717,P04150
DB00719,P35367
DB00721,Q9Y5Y9
DB00721,Q8TCU5
DB00721,P46098
DB00721,Q01959
DB00721,Q15822
DB00721,Q12791
DB00721,Q16558
DB00721,Q9Y691
DB00721,Q9NPA1
DB00721,Q86W47
DB00721,O15554
DB00721,Q92952
DB00721,Q9H2S1
DB00721,Q9UGI6
DB00721,P47712
DB00721,Q86U10
DB00721,P21397
DB00721,P27338
DB00721,P26358
DB00721,Q9Y6K1
DB00722,P12821
DB00722,P00797
DB00724,Q9NYK1
DB00724,Q9NR97
DB00727,P16066
DB00731,Q09428
DB00731,P37231
DB00733,P22303
DB00733,P06276
DB00734,P28223
DB00734,P14416
DB00734,P35368
DB00734,P18089
DB00734,P35348
DB00734,P18825
DB00734,P35367
DB00734,P28335
DB00734,P28221
DB00734,P08908
DB00734,P34969
DB00734,P21728
DB00736,P20648
DB00736,O94760
DB00741,P04150
DB00741,P04083
DB00744,P09917
DB00745,Q01959
DB00745,P35368
DB00747,P11229
DB00747,P08172
DB00747,P20309
DB00747,P08173
DB00747,P08912
DB00747,P43681
DB00747,P17787
DB00747,P14410
DB00748,P35367
DB00749,P35354
DB00749,P23219
DB00749,P19793
DB00750,Q14524
DB00751,P35367
DB00751,P25021
DB00751,P35348
DB00751,P08913
DB00751,P28223
DB00751,P34969
DB00754,Q14524
DB00754,O75469
DB00755,P10276
DB00755,P10826
DB00755,P13631
DB00755,P19793
DB00755,P28702
DB00755,P48443
DB00755,P29762
DB00755,P49788
DB00755,P00352
DB00755,O94788
DB00755,Q8NFJ5
DB00755,P31025
DB00755,Q9NY56
DB00755,P02753
DB00755,Q16654
DB00755,Q14081
DB00757,P46098
DB00758,Q9H244
DB00759,P02359
DB00759,P0AG59
DB00759,P0A7V3
DB00759,P0A7W7
DB00759,P0A7U3
DB00759,P04156
DB00759,C9EH48
DB00759,Q9UM07
DB00762,Q969P6
DB00762,P11387
DB00763,P07202
DB00764,P04150
DB00764,P06401
DB00765,P07101
DB00767,P35367
DB00767,P08173
DB00767,P11229
DB00767,P08912
DB00767,P08172
DB00767,P20309
DB00768,P35367
DB00768,P25021
DB00768,Q9Y5N1
DB00768,P23297
DB00768,P80511
DB00768,P04271
DB00768,Q99584
DB00768,P29034
DB00770,P34995
DB00770,P43116
DB00770,P43115
DB00770,P35408
DB00770,Q9Y5Y4
DB00771,P11229
DB00773,P11388
DB00773,Q02880
DB00775,P08514
DB00775,P05106
DB00776,P35498
DB00776,Q9Y5Y9
DB00776,Q9UI33
DB00776,Q99250
DB00776,Q9NY46
DB00776,P35499
DB00776,Q14524
DB00776,Q01118
DB00776,Q9UQD0
DB00776,Q15858
DB00776,Q07699
DB00776,O60939
DB00776,Q9NY72
DB00776,Q8IWT1
DB00780,P21397
DB00780,P27338
DB00780,Q16853
DB00780,P80404
DB00780,P24298
DB00780,Q8TD30
DB00780,Q9UGI5
DB00783,P03372
DB00783,Q92731
DB00783,O75469
DB00783,P43681
DB00783,Q99527
DB00783,P00846
DB00783,Q14457
DB00784,P35354
DB00784,P23219
DB00787,P04293
DB00787,P09252
DB00788,P23219
DB00788,P35354
DB00788,Q51911
DB00790,P12821
DB00790,Q6FHJ7
DB00794,P47869
DB00794,P34903
DB00794,P48169
DB00794,P31644
DB00794,Q16445
DB00794,P14867
DB00794,P47869
DB00794,P34903
DB00794,P48169
DB00794,P31644
DB00794,Q16445
DB00794,P18505
DB00794,P47870
DB00794,P28472
DB00794,O14764
DB00794,P78334
DB00794,Q8N1C3
DB00794,P18507
DB00794,Q99928
DB00794,O00591
DB00794,Q9UN88
DB00794,P14867
DB00794,P43681
DB00794,P36544
DB00794,P42262
DB00794,Q13002
DB00795,P09917
DB00795,P35354
DB00795,P23219
DB00795,P24752
DB00795,P04054
DB00795,Q9UPY5
DB00795,P19838
DB00795,Q00653
DB00795,O14920
DB00795,O15111
DB00795,P37231
DB00796,P30556
DB00800,P21918
DB00800,P21728
DB00800,P35368
DB00800,P25100
DB00800,P35348
DB00800,P18089
DB00800,P18825
DB00800,P08913
DB00804,P11229
DB00804,P20309
DB00804,P08172
DB00806,P29274
DB00806,P30542
DB00806,P21589
DB00808,P55017
DB00810,P11229
DB00813,P35372
DB00813,P41143
DB00813,P41145
DB00813,P08183
DB00814,P35354
DB00814,P23219
DB00816,P07550
DB00819,P00915
DB00819,P00918
DB00819,P22748
DB00819,O43570
DB00819,Q9ULX7
DB00819,P07451
DB00819,P43166
DB00819,P29972
DB00820,O76074
DB00820,Q9HCR9
DB00820,P18545
DB00822,P09172
DB00822,P05091
DB00829,P14867
DB00829,P47869
DB00829,P34903
DB00829,P48169
DB00829,P31644
DB00829,Q16445
DB00829,P18505
DB00829,P47870
DB00829,P28472
DB00829,O14764
DB00829,P78334
DB00829,Q8N1C3
DB00829,P18507
DB00829,Q99928
DB00829,O00591
DB00829,Q9UN88
DB00829,P14867
DB00829,P47869
DB00829,P34903
DB00829,P31644
DB00829,Q8N1C3
DB00829,P18507
DB00829,Q99928
DB00831,P14416
DB00831,Q9NYX4
DB00831,P35348
DB00831,P0DP23
DB00831,P63316
DB00831,P26447
DB00834,P06401
DB00834,P04150
DB00834,P07288
DB00834,O75469
DB00835,P35367
DB00835,P11229
DB00835,P08172
DB00835,P20309
DB00835,P08173
DB00835,P08912
DB00839,Q09428
DB00839,Q14654
DB00843,P22303
DB00843,P28223
DB00843,P06276
DB00843,P29475
DB00843,P98066
DB00843,P01584
DB00843,Q00653
DB00843,P19838
DB00843,Q05586
DB00843,Q12879
DB00843,Q13224
DB00843,Q14957
DB00843,O15399
DB00843,Q8TCU5
DB00843,O60391
DB00844,P41145
DB00844,P35372
DB00844,P41143
DB00846,P04150
DB00847,P49146
DB00848,P32297
DB00848,P10696
DB00848,Q23022
DB00848,Q9N587
DB00848,Q27218
DB00848,P48181
DB00851,Q14181
DB00851,P52209
DB00852,P23975
DB00852,Q01959
DB00852,P35348
DB00852,P08913
DB00852,P31645
DB00852,P07550
DB00852,P08588
DB00852,O95644
DB00852,P01375
DB00852,P19838
DB00852,P18846
DB00852,P15336
DB00852,P18847
DB00852,P18848
DB00852,Q9Y2D1
DB00852,P18850
DB00852,P17544
DB00852,Q8WYK2
DB00852,P01100
DB00852,P05412
DB00852,P60568
DB00860,P04150
DB00861,P35354
DB00861,P23219
DB00863,P25021
DB00863,P22303
DB00864,P62942
DB00865,Q05940
DB00865,P08913
DB00865,P35348
DB00865,Q01959
DB00868,Q14524
DB00869,P00918
DB00869,P22748
DB00869,P00915
DB00869,P07451
DB00871,P07550
DB00871,P13945
DB00871,P08588
DB00876,P30556
DB00880,P55017
DB00880,P00915
DB00880,P00918
DB00881,P12821
DB00882,P03372
DB00882,P04278
DB00883,P16066
DB00884,P14324
DB00887,Q13621
DB00887,P55011
DB00887,Q9UP95
DB00887,Q9H2X9
DB00887,P13569
DB00889,P46098
DB00898,P14867
DB00898,Q8TCU5
DB00898,P23415
DB00898,P23416
DB00898,Q02641
DB00898,P46098
DB00898,P47869
DB00898,Q9GZZ6
DB00898,Q13936
DB00898,P31644
DB00898,P48169
DB00898,P34903
DB00898,P42261
DB00898,Q06432
DB00898,Q15822
DB00898,Q16445
DB00898,P42262
DB00898,P48058
DB00898,P42263
DB00898,P43681
DB00898,P17787
DB00898,P48549
DB00898,P48051
DB00898,P19320
DB00898,Q99808
DB00898,P48544
DB00898,P36544
DB00898,Q9UGM1
DB00898,P18505
DB00898,P28472
DB00898,P47870
DB00898,Q13698
DB00898,Q01668
DB00898,P30926
DB00898,P32297
DB00898,P30532
DB00898,Q15825
DB00898,Q05901
DB00898,Q8N1C3
DB00898,Q99928
DB00898,P78334
DB00898,O00591
DB00898,Q9UN88
DB00898,O14764
DB00898,Q14542
DB00898,A5X5Y0
DB00898,O95264
DB00898,Q70Z44
DB00898,Q8WXA8
DB00898,Q9Y698
DB00898,Q92806
DB00898,P32004
DB00898,P22303
DB00898,P40394
DB00899,P35372
DB00899,P41143
DB00899,P41145
DB00903,Q13621
DB00903,P05023
DB00903,Q9UJU2
DB00903,P09211
DB00904,P46098
DB00904,Q13639
DB00904,P35372
DB00904,P08908
DB00904,P28222
DB00905,P43088
DB00905,P34995
DB00905,P43115
DB00906,P30531
DB00907,Q01959
DB00907,P23975
DB00907,P35498
DB00907,Q9Y5Y9
DB00907,Q9UI33
DB00907,Q99250
DB00907,Q9NY46
DB00907,P35499
DB00907,Q14524
DB00907,Q01118
DB00907,Q9UQD0
DB00907,Q15858
DB00907,Q07699
DB00907,O60939
DB00907,Q9NY72
DB00907,Q8IWT1
DB00907,P31645
DB00907,P11229
DB00907,P08172
DB00907,Q99720
DB00907,P23141
DB00908,Q14524
DB00908,O00180
DB00908,Q9Y257
DB00908,Q12809
DB00908,P35348
DB00908,P35368
DB00908,P25100
DB00909,P35498
DB00909,Q99250
DB00909,Q9NY46
DB00909,P35499
DB00909,Q14524
DB00909,Q15858
DB00909,Q9UI33
DB00909,Q07699
DB00909,O60939
DB00909,Q9NY72
DB00909,Q8IWT1
DB00909,O43497
DB00909,O95180
DB00909,Q9P0X4
DB00909,P00915
DB00909,P00918
DB00909,P07451
DB00909,P22748
DB00909,P35218
DB00909,Q9Y2D0
DB00909,P23280
DB00909,P43166
DB00909,P35219
DB00909,Q16790
DB00909,Q9NS85
DB00909,O75493
DB00909,O43570
DB00909,Q8N1Q1
DB00909,Q9ULX7
DB00909,P27338
DB00909,P21397
DB00909,P14867
DB00909,P47869
DB00909,P34903
DB00909,P31644
DB00909,Q8N1C3
DB00909,P18507
DB00909,Q99928
DB00912,Q09428
DB00912,P37231
DB00912,P35367
DB00915,P21430
DB00915,Q8TCU5
DB00915,P14416
DB00915,P36544
DB00915,P43681
DB00915,P32297
DB00917,P43116
DB00917,P34995
DB00917,P43115
DB00917,P35408
DB00917,Q9Y5Y4
DB00918,P28221
DB00918,P28222
DB00920,P35367
DB00920,P52209
DB00921,P41145
DB00921,P35372
DB00921,P41143
DB00921,P41146
DB00924,P28223
DB00924,P41595
DB00924,P28335
DB00924,P50406
DB00924,P31645
DB00924,P23975
DB00924,P34969
DB00924,O00206
DB00924,Q06278
DB00925,P35348
DB00925,P08913
DB00925,P18825
DB00925,P18089
DB00925,P0DP23
DB00925,P07550
DB00925,P35368
DB00925,P25100
DB00927,P25021
DB00928,P26358
DB00929,P43115
DB00929,P43116
DB00929,P34995
DB00929,P35408
DB00933,P14416
DB00933,P28223
DB00936,P23219
DB00936,P35354
DB00936,Q04828
DB00937,P23975
DB00937,Q01959
DB00938,P07550
DB00938,P08588
DB00938,P13945
DB00939,P23219
DB00939,P35354
DB00939,P09917
DB00939,O43526
DB00939,O43525
DB00945,P23219
DB00945,P35354
DB00945,Q04828
DB00945,Q13131
DB00945,P54646
DB00945,Q9Y478
DB00945,O43741
DB00945,P54619
DB00945,Q9UGJ0
DB00945,Q9UGI9
DB00945,P25101
DB00945,P04637
DB00945,P11021
DB00945,P51812
DB00945,P25963
DB00945,P98066
DB00945,P29466
DB00945,P42574
DB00945,O14920
DB00945,P28482
DB00945,Q8TD08
DB00945,P27361
DB00945,P31152
DB00945,Q16659
DB00945,Q13164
DB00945,P24385
DB00945,P01106
DB00945,P12004
DB00945,Q99519
DB00947,P03372
DB00949,Q13224
DB00949,Q12879
DB00950,P35367
DB00952,P08908
DB00952,P28221
DB00952,P28222
DB00952,P30939
DB00953,P28222
DB00953,P28221
DB00953,P08908
DB00953,P28566
DB00953,P30939
DB00953,P34969
DB00956,P35372
DB00956,P41143
DB00956,Q99720
DB00957,P06401
DB00957,P03372
DB00957,P10275
DB00959,P04150
DB00959,P04083
DB00960,P08588
DB00960,P07550
DB00960,P13945
DB00960,P08908
DB00960,P28222
DB00963,P35354
DB00963,P23219
DB00966,P37231
DB00966,P30556
DB00967,P35367
DB00968,P20711
DB00968,P08913
DB00969,P46098
DB00972,P35367
DB00972,P25021
DB00972,P04054
DB00972,Q16873
DB00973,Q9UHC9
DB00973,P35610
DB00973,P15144
DB00975,Q9Y233
DB00975,O76074
DB00975,P27815
DB00975,P00813
DB00975,P53805
DB00975,P02763
DB00977,P03372
DB00977,O75469
DB00982,P13631
DB00982,P10276
DB00983,P07550
DB00983,P08588
DB00983,P13945
DB00984,P10275
DB00987,P06746
DB00988,P14416
DB00988,P21728
DB00988,P21918
DB00988,P35462
DB00988,P21917
DB00988,Q01959
DB00988,P09172
DB00988,P08908
DB00988,P34969
DB00988,P21728
DB00988,P21918
DB00988,P23975
DB00988,P31645
DB00988,P46098
DB00988,O95264
DB00988,P00441
DB00988,Q05940
DB00989,P22303
DB00989,P06276
DB00990,P11511
DB00991,P23219
DB00991,P35354
DB00993,P63000
DB00995,P30044
DB00995,O14920
DB00996,P54289
DB00996,Q9NY47
DB00996,A0A024R8I1
DB00996,Q00975
DB00996,P30542
DB00996,O43525
DB00996,Q9NR82
DB00997,P11388
DB00997,Q14978
DB00997,P11387
DB00997,Q02880
DB00998,P28221
DB00998,P28222
DB00999,P55017
DB00999,Q12791
DB01001,P07550
DB01001,P08588
DB01001,P13945
DB01002,Q9Y5Y9
DB01003,P25815
DB01005,P23921
DB01006,P11511
DB01009,P35354
DB01009,P23219
DB01009,P25024
DB01012,P41180
DB01013,P04150
DB01013,P04083
DB01013,P08235
DB01014,P37231
DB01014,P35354
DB01014,P23219
DB01014,P09917
DB01016,Q09428
DB01016,Q14654
DB01016,O60706
DB01016,O95342
DB01016,O95477
DB01016,Q14654
DB01016,Q15842
DB01016,P50416
DB01016,P13569
DB01016,Q8TD43
DB01017,P0A7X3
DB01017,P0A7V8
DB01017,P01584
DB01017,P09917
DB01017,P14780
DB01017,P15692
DB01017,P29466
DB01017,P42574
DB01017,P99999
DB01017,P28482
DB01017,P53779
DB01017,Q15759
DB01017,P53778
DB01017,O15264
DB01017,Q16539
DB01017,Q8TD08
DB01017,P27361
DB01017,P31152
DB01017,Q16659
DB01017,Q13164
DB01017,P45983
DB01017,P45984
DB01017,P35228
DB01018,P08913
DB01018,P18089
DB01019,P20309
DB01019,P11229
DB01019,P08172
DB01019,P08173
DB01019,P08912
DB01020,P33402
DB01023,Q13936
DB01023,P54289
DB01023,Q08289
DB01023,Q01668
DB01023,Q13698
DB01023,O95180
DB01023,Q9NY47
DB01023,P0DP23
DB01023,Q01064
DB01023,P54750
DB01023,P08235
DB01023,P02585
DB01023,P63316
DB01026,P50859
DB01026,P05093
DB01026,P10275
DB01026,P08686
DB01026,Q12809
DB01026,O75469
DB01026,Q14994
DB01029,P30556
DB01029,P05412
DB01030,P11387
DB01030,Q969P6
DB01033,P00492
DB01033,Q06203
DB01033,P20839
DB01033,P12268
DB01035,Q12809
DB01035,Q14524
DB01035,P26358
DB01037,P27338
DB01037,P21397
DB01039,Q07869
DB01039,O75469
DB01039,Q9NPA2
DB01041,Q96SW2
DB01041,P02763
DB01041,P19652
DB01043,Q05586
DB01043,Q12879
DB01043,Q13224
DB01043,Q14957
DB01043,O15399
DB01043,Q8TCU5
DB01043,O60391
DB01043,P46098
DB01043,P36544
DB01043,P14416
DB01043,Q05586
DB01043,P14867
DB01043,P47869
DB01043,P34903
DB01043,P48169
DB01043,P31644
DB01043,Q16445
DB01043,P18505
DB01043,P47870
DB01043,P28472
DB01043,O14764
DB01043,P78334
DB01043,Q8N1C3
DB01043,P18507
DB01043,Q99928
DB01043,O00591
DB01043,Q9UN88
DB01043,P23415
DB01043,P23416
DB01043,O75311
DB01043,Q5JXX5
DB01043,P48167
DB01045,P0A8V2
DB01045,O75469
DB01046,P51788
DB01050,P35354
DB01050,P23219
DB01050,P10415
DB01050,P07204
DB01050,P12104
DB01050,P37231
DB01050,P13569
DB01050,Q07869
DB01050,P07359
DB01050,P31151
DB01062,P20309
DB01062,P08172
DB01062,P11229
DB01063,P14416
DB01063,P10275
DB01064,P08588
DB01064,P07550
DB01064,P13945
DB01064,P00441
DB01065,P48039
DB01065,P49286
DB01065,P03372
DB01065,Q92753
DB01065,P0DP23
DB01065,P05164
DB01065,P11678
DB01065,P27797
DB01065,P46597
DB01065,P16083
DB01067,Q09428
DB01067,P37231
DB01068,P14867
DB01068,P47869
DB01068,P34903
DB01068,P48169
DB01068,P31644
DB01068,Q16445
DB01068,P18505
DB01068,P47870
DB01068,P28472
DB01068,O14764
DB01068,P78334
DB01068,Q8N1C3
DB01068,P18507
DB01068,Q99928
DB01068,O00591
DB01068,Q9UN88
DB01068,P14867
DB01068,P47869
DB01068,P34903
DB01068,P31644
DB01068,Q8N1C3
DB01068,P18507
DB01068,Q99928
DB01068,O75469
DB01069,P35367
DB01069,P14416
DB01069,P11229
DB01069,P08172
DB01069,P20309
DB01069,P08173
DB01069,P08912
DB01069,P35348
DB01069,P35368
DB01069,P25100
DB01069,P08913
DB01069,P18089
DB01069,P18825
DB01069,P0DP23
DB01069,P25021
DB01069,Q99677
DB01069,P43657
DB01069,P51575
DB01069,Q9UBL9
DB01069,P56373
DB01069,Q99571
DB01069,Q93086
DB01069,O15547
DB01069,Q99572
DB01069,P47900
DB01069,Q96G91
DB01069,Q9H244
DB01069,Q9BPV8
DB01069,Q15391
DB01069,P41231
DB01069,P51582
DB01069,Q86VZ1
DB01069,O00398
DB01069,P35498
DB01069,Q9Y5Y9
DB01069,Q9UI33
DB01069,Q99250
DB01069,Q9NY46
DB01069,P35499
DB01069,Q14524
DB01069,Q01118
DB01069,Q9UQD0
DB01069,Q15858
DB01069,Q09470
DB01069,Q16322
DB01069,P16389
DB01069,P22001
DB01069,P22459
DB01069,P22460
DB01069,P17658
DB01069,Q14721
DB01069,Q92953
DB01069,P48547
DB01069,Q96PR1
DB01069,Q14003
DB01069,Q03721
DB01069,Q9NSA2
DB01069,Q9NZV8
DB01069,Q9UK17
DB01069,P15382
DB01069,Q9Y6J6
DB01069,Q9Y6H6
DB01069,Q8WWG9
DB01069,Q9UJ90
DB01069,Q9H3M0
DB01069,Q9UIX4
DB01069,Q9UJ96
DB01069,Q8TAE7
DB01069,Q8TDN1
DB01069,O95259
DB01069,Q12809
DB01069,Q9ULD8
DB01069,Q9UQ05
DB01069,Q8NCM2
DB01069,Q9H252
DB01069,Q9NS40
DB01069,Q96L42
DB01069,P51787
DB01069,O43526
DB01069,O43525
DB01069,P56696
DB01069,Q9NR82
DB01069,Q96KK3
DB01069,Q9BQ31
DB01069,Q6PIU1
DB01069,Q8TDN2
DB01069,Q14722
DB01069,Q13303
DB01070,P11473
DB01071,P35367
DB01072,Q72874
DB01073,P27707
DB01073,P09884
DB01073,P23921
DB01075,P35367
DB01075,P08172
DB01076,P04035
DB01076,P27487
DB01076,P35869
DB01076,Q92769
DB01076,Q14994
DB01077,Q13332
DB01077,P38606
DB01077,P12235
DB01077,P05141
DB01077,P12236
DB01080,P80404
DB01083,P16233
DB01083,P07098
DB01083,P49327
DB01084,P35367
DB01085,P20309
DB01085,P11229
DB01085,P08172
DB01085,P08173
DB01085,P08912
DB01086,Q9Y5Y9
DB01088,P43119
DB01088,P34995
DB01088,P27815
DB01088,Q07343
DB01088,Q08493
DB01088,Q08499
DB01088,P00750
DB01088,Q9Y5Y4
DB01095,P04035
DB01095,Q92769
DB01098,P04035
DB01098,P20701
DB01099,P26358
DB01099,P12461
DB01101,P04818
DB01104,P31645
DB01104,Q01959
DB01104,O00264
DB01104,Q99720
DB01104,P23975
DB01104,Q7RTT9
DB01105,Q01959
DB01105,P31645
DB01105,P23975
DB01106,P35367
DB01106,O95665
DB01110,P10613
DB01110,P29474
DB01110,P35228
DB01110,O75469
DB01110,Q12791
DB01110,Q16558
DB01110,Q9Y691
DB01110,Q9NPA1
DB01110,Q86W47
DB01110,O15554
DB01110,Q92952
DB01110,Q9H2S1
DB01110,Q9UGI6
DB01110,Q09470
DB01110,Q16322
DB01110,P16389
DB01110,P22001
DB01110,P22459
DB01110,P22460
DB01110,P17658
DB01110,Q14721
DB01110,Q92953
DB01110,P48547
DB01110,Q96PR1
DB01110,Q14003
DB01110,Q03721
DB01110,Q9NSA2
DB01110,Q9NZV8
DB01110,Q9UK17
DB01110,P15382
DB01110,Q9Y6J6
DB01110,Q9Y6H6
DB01110,Q8WWG9
DB01110,Q9UJ90
DB01110,Q9H3M0
DB01110,Q9UIX4
DB01110,Q9UJ96
DB01110,Q8TAE7
DB01110,Q8TDN1
DB01110,O95259
DB01110,Q12809
DB01110,Q9ULD8
DB01110,Q9UQ05
DB01110,Q8NCM2
DB01110,Q9H252
DB01110,Q9NS40
DB01110,Q96L42
DB01110,P51787
DB01110,O43526
DB01110,O43525
DB01110,P56696
DB01110,Q9NR82
DB01110,Q96KK3
DB01110,Q9BQ31
DB01110,Q6PIU1
DB01110,Q8TDN2
DB01110,Q14722
DB01110,Q13303
DB01110,Q14500
DB01110,Q9UNX9
DB01110,P63252
DB01110,P48050
DB01110,Q13936
DB01110,Q01668
DB01110,O60840
DB01110,Q13698
DB01110,Q02641
DB01110,Q08289
DB01110,P54284
DB01110,O00305
DB01113,Q07343
DB01113,Q9Y233
DB01113,Q01064
DB01113,Q08499
DB01113,Q13370
DB01113,O76074
DB01114,P35367
DB01114,P31645
DB01114,P23975
DB01114,Q01959
DB01115,Q13936
DB01115,Q01668
DB01115,Q08289
DB01115,O75469
DB01115,P0DP23
DB01115,Q13698
DB01115,Q9UK17
DB01115,O43497
DB01115,O95180
DB01115,Q9P0X4
DB01118,Q12809
DB01118,Q9H252
DB01118,Q9NS40
DB01118,P08588
DB01118,P07550
DB01118,P13945
DB01118,Q9P0X4
DB01118,Q13936
DB01118,Q01668
DB01118,O60840
DB01118,Q13698
DB01118,Q02641
DB01118,Q08289
DB01118,P54284
DB01118,O00305
DB01118,P10827
DB01118,P10828
DB01118,P37231
DB01118,Q07869
DB01118,Q86YN6
DB01120,Q09428
DB01120,P15692
DB01122,P22303
DB01124,Q09428
DB01124,P48048
DB01125,P38435
DB01128,P10275
DB01129,P20648
DB01132,P37231
DB01132,P27338
DB01133,Q05209
DB01133,P29350
DB01133,P23469
DB01133,Q93050
DB01133,Q9Y487
DB01133,Q13488
DB01133,Q9HBG4
DB01133,P27449
DB01133,Q99437
DB01133,P38606
DB01133,P21281
DB01133,P15313
DB01133,P21283
DB01133,Q8NEY4
DB01133,Q9Y5K8
DB01133,P61421
DB01133,Q8N8Y2
DB01133,O15342
DB01133,P36543
DB01133,Q96A05
DB01133,Q8NHE4
DB01133,Q16864
DB01133,O75348
DB01133,O95670
DB01133,Q96LB4
DB01133,Q9UI12
DB01133,Q15904
DB01136,P08588
DB01136,P35348
DB01136,P35348
DB01136,P35368
DB01136,P25100
DB01136,O95298
DB01136,P07550
DB01136,P15692
DB01136,P16860
DB01136,P17302
DB01136,Q12809
DB01136,P19320
DB01136,P25100
DB01136,P35368
DB01136,P18825
DB01136,P18089
DB01136,P08913
DB01136,P16581
DB01136,Q16665
DB01136,P48050
DB01136,P63252
DB01137,P43700
DB01137,P43702
DB01142,P35367
DB01142,P25021
DB01142,P23975
DB01142,P31645
DB01142,P28223
DB01142,P41595
DB01142,P28335
DB01142,P11229
DB01142,P08172
DB01142,P20309
DB01142,P08173
DB01142,P08912
DB01142,P35348
DB01142,P35368
DB01142,P25100
DB01142,P08908
DB01142,P50406
DB01142,Q9H3N8
DB01142,Q12809
DB01143,P10696
DB01144,P00918
DB01144,P00915
DB01144,P22748
DB01144,P43166
DB01144,P07451
DB01146,P35367
DB01146,Q01959
DB01148,P11229
DB01148,P08172
DB01151,P23975
DB01151,P31645
DB01151,P28223
DB01151,P07550
DB01151,P08588
DB01151,P17405
DB01151,P35367
DB01151,P35348
DB01151,P35368
DB01151,P25100
DB01151,P11229
DB01151,P08172
DB01151,P20309
DB01151,P08173
DB01151,P08912
DB01151,P08908
DB01151,P28335
DB01151,P14416
DB01151,P08913
DB01151,P18089
DB01151,P18825
DB01156,Q01959
DB01156,P23975
DB01156,P32297
DB01156,P46098
DB01157,P00374
DB01161,P35498
DB01161,Q9Y5Y9
DB01161,Q9UI33
DB01161,Q99250
DB01161,Q9NY46
DB01161,P35499
DB01161,Q14524
DB01161,Q01118
DB01161,Q9UQD0
DB01161,Q15858
DB01161,Q01959
DB01162,P35348
DB01162,P35368
DB01162,P25100
DB01162,P01137
DB01162,Q12809
DB01162,Q9H252
DB01162,Q9NS40
DB01165,P43700
DB01165,P43702
DB01165,P11388
DB01167,P14263
DB01169,O14920
DB01169,Q16881
DB01169,P05412
DB01169,P24385
DB01169,P27361
DB01169,P28482
DB01169,P31749
DB01169,P38936
DB01169,Q13547
DB01169,P29590
DB01170,P23975
DB01173,O15399
DB01173,Q05586
DB01173,O60391
DB01173,Q8TCU5
DB01173,P35367
DB01173,P23975
DB01173,Q9Y5Y9
DB01174,P14867
DB01174,P43681
DB01174,P36544
DB01174,P42262
DB01174,Q13002
DB01174,Q05586
DB01174,Q12879
DB01174,Q13224
DB01174,Q14957
DB01174,O15399
DB01174,Q8TCU5
DB01174,O60391
DB01174,O75469
DB01175,P31645
DB01175,P11229
DB01175,P35367
DB01175,P08908
DB01175,P28223
DB01175,P35348
DB01175,P35368
DB01175,P25100
DB01175,P28335
DB01175,P08913
DB01175,P18089
DB01175,P18825
DB01175,P14416
DB01175,P23975
DB01175,Q01959
DB01176,P35367
DB01176,P49888
DB01177,P11388
DB01181,O75469
DB01182,Q14524
DB01182,Q12809
DB01182,P08588
DB01182,P07550
DB01185,P10275
DB01185,P03372
DB01185,P04150
DB01185,P80365
DB01186,P14416
DB01186,P35462
DB01186,P21917
DB01186,P21918
DB01186,P21728
DB01186,P08908
DB01186,P41595
DB01186,P28223
DB01186,P28221
DB01186,P08913
DB01186,P18089
DB01186,P18825
DB01186,P28222
DB01186,P28335
DB01186,P35348
DB01186,P35368
DB01186,P25100
DB01188,P05023
DB01189,P14867
DB01189,P47869
DB01189,P34903
DB01189,P48169
DB01189,P31644
DB01189,Q16445
DB01189,P18505
DB01189,P47870
DB01189,P28472
DB01189,O14764
DB01189,P78334
DB01189,Q8N1C3
DB01189,P18507
DB01189,Q99928
DB01189,O00591
DB01189,Q9UN88
DB01189,P23415
DB01189,P42261
DB01189,Q09470
DB01189,P03886
DB01189,P98194
DB01189,O75185
DB01189,P20020
DB01189,Q01814
DB01189,Q16720
DB01189,P23634
DB01189,O14983
DB01189,P16615
DB01189,P30049
DB01192,P35372
DB01192,P41143
DB01193,P08588
DB01193,P07550
DB01194,P00918
DB01194,P00915
DB01194,P22748
DB01194,P35218
DB01194,P07451
DB01195,P35499
DB01195,Q14524
DB01195,Q12809
DB01195,Q92736
DB01196,Q92731
DB01196,P03372
DB01196,P11137
DB01196,P78559
DB01197,P12821
DB01197,P08253
DB01197,P14780
DB01197,P09960
DB01197,P46663
DB01200,P14416
DB01200,P35462
DB01200,P28221
DB01200,P08913
DB01200,P08908
DB01200,P18825
DB01200,P18089
DB01200,P41595
DB01200,P21917
DB01200,P28223
DB01200,P28222
DB01200,P28335
DB01200,P21918
DB01200,P21728
DB01200,P35348
DB01200,P35368
DB01200,P25100
DB01200,P34969
DB01202,Q00975
DB01202,Q7L0J3
DB01203,P08588
DB01203,P07550
DB01204,P11388
DB01210,P08588
DB01210,P07550
DB01214,P08588
DB01214,P07550
DB01216,P31213
DB01216,P18405
DB01216,P51857
DB01217,P11511
DB01219,P21817
DB01221,Q8TCU5
DB01221,P46098
DB01221,P36544
DB01221,P06276
DB01221,P29475
DB01221,P25103
DB01221,P14416
DB01221,P41143
DB01221,P23975
DB01221,P41145
DB01221,P35372
DB01221,P11229
DB01221,P08172
DB01221,P20309
DB01221,P08173
DB01221,P08912
DB01221,P28223
DB01221,P41595
DB01221,P28335
DB01221,P08908
DB01221,P28222
DB01221,P28221
DB01221,P28566
DB01221,P30939
DB01222,P04150
DB01222,P04083
DB01223,Q14432
DB01223,P30542
DB01223,P0DMS8
DB01223,Q92769
DB01224,P28223
DB01224,P14416
DB01224,P08908
DB01224,P28222
DB01224,P28221
DB01224,P28566
DB01224,P28335
DB01224,P46098
DB01224,P50406
DB01224,P34969
DB01224,P21728
DB01224,P21918
DB01224,P35462
DB01224,P21917
DB01224,P35367
DB01224,P35348
DB01224,P35368
DB01224,P25100
DB01224,P08913
DB01224,P18089
DB01224,P18825
DB01224,P11229
DB01224,P08172
DB01224,P20309
DB01224,P08173
DB01224,P08912
DB01225,P01008
DB01225,P00742
DB01225,P00734
DB01228,Q14524
DB01229,Q9H4B7
DB01229,P10415
DB01229,P27816
DB01229,P11137
DB01229,P10636
DB01229,O75469
DB01231,P08172
DB01231,P11229
DB01231,P20309
DB01232,Q72874
DB01233,Q13639
DB01233,P46098
DB01233,P11229
DB01233,P14416
DB01234,P04150
DB01234,P51843
DB01234,P04083
DB01234,P35228
DB01234,O75469
DB01235,P21728
DB01235,P21918
DB01235,P14416
DB01235,P35462
DB01235,P21917
DB01237,P35367
DB01238,P14416
DB01238,P28223
DB01238,P08908
DB01238,P35348
DB01238,P35368
DB01238,P35462
DB01238,P28221
DB01238,P34969
DB01238,P08913
DB01238,P18825
DB01238,P35367
DB01238,P28222
DB01238,P28335
DB01238,P46098
DB01238,P50406
DB01238,P21728
DB01238,P21917
DB01238,P18089
DB01238,P28566
DB01238,P21918
DB01238,P41595
DB01238,P47898
DB01238,P08588
DB01238,P07550
DB01238,P25021
DB01238,Q9Y5N1
DB01238,Q9H3N8
DB01238,P11229
DB01238,P08172
DB01238,P20309
DB01238,P08173
DB01238,P08912
DB01238,P41145
DB01238,P35372
DB01238,P41143
DB01238,Q05586
DB01238,Q12879
DB01238,Q13224
DB01238,Q14957
DB01238,O15399
DB01238,Q8TCU5
DB01238,O60391
DB01238,Q01959
DB01238,P31645
DB01240,Q16647
DB01240,Q9H244
DB01240,P43119
DB01241,Q07869
DB01241,Q9Y6L6
DB01241,Q8TCC7
DB01241,O94956
DB01241,Q9NPD5
DB01242,P31645
DB01242,P28223
DB01242,P41595
DB01242,P28335
DB01242,P23975
DB01242,P09211
DB01244,O00555
DB01244,O95180
DB01244,Q9NY47
DB01244,P05023
DB01244,P51787
DB01244,P63316
DB01244,P0DP23
DB01244,Q01064
DB01244,P54750
DB01244,Q12809
DB01246,P35367
DB01248,Q9H4B7
DB01248,P11137
DB01248,P27816
DB01248,P10636
DB01248,P10415
DB01248,O75469
DB01250,P23219
DB01250,P35354
DB01250,P51580
DB01250,P01579
DB01250,P47989
DB01254,P00519
DB01254,P12931
DB01254,P29317
DB01254,P06239
DB01254,P07947
DB01254,P10721
DB01254,P09619
DB01254,P51692
DB01254,P42684
DB01254,P06241
DB01254,Q06187
DB01254,Q92570
DB01254,P11274
DB01254,P41240
DB01254,P54756
DB01254,P54760
DB01254,P09769
DB01254,P42685
DB01254,P11142
DB01254,P07948
DB01254,Q9NYL2
DB01254,Q16539
DB01254,Q06203
DB01255,Q96RJ0
DB01259,P00533
DB01259,P04626
DB01260,P04150
DB01261,P27487
DB01262,P26358
DB01262,Q9Y6K1
DB01262,Q9UBC3
DB01262,Q13547
DB01262,Q969S8
DB01262,Q96DB2
DB01262,Q92769
DB01262,O15379
DB01262,P56524
DB01262,Q9UQL6
DB01262,Q9UBN7
DB01262,Q8WUI4
DB01262,Q9BY41
DB01262,Q9UKV0
DB01267,P28223
DB01267,P14416
DB01267,P21917
DB01267,P35462
DB01267,P28335
DB01267,P35367
DB01267,P35348
DB01267,P35368
DB01267,P28221
DB01267,P08913
DB01267,P18089
DB01267,P18825
DB01267,P08908
DB01267,P21728
DB01267,P34969
DB01268,P09619
DB01268,P17948
DB01268,P10721
DB01268,P35968
DB01268,P35916
DB01268,P36888
DB01268,P07333
DB01268,P16234
DB01268,P08581
DB01275,Q16853
DB01275,Q16665
DB01275,P13674
DB01283,P35354
DB01283,P23219
DB01291,P07550
DB01291,P08588
DB01296,P01579
DB01296,Q04206
DB01320,Q14524
DB01327,P02918
DB01327,P02919
DB01327,P76577
DB01327,P0AD65
DB01327,P0AD68
DB01327,P27169
DB01327,P40933
DB01327,P60568
DB01351,P14867
DB01351,P47869
DB01351,P34903
DB01351,P48169
DB01351,P31644
DB01351,Q16445
DB01351,P43681
DB01351,P36544
DB01351,P42262
DB01351,Q13002
DB01356,P49841
DB01356,P29218
DB01356,O14732
DB01356,P42263
DB01359,P08588
DB01359,P07550
DB01359,P08908
DB01359,P28222
DB01364,P35348
DB01364,P08588
DB01364,P07550
DB01364,P23975
DB01367,P27338
DB01367,P10415
DB01394,P07437
DB01395,P08235
DB01395,P10275
DB01395,P06401
DB01395,P04150
DB01399,P35354
DB01399,P23219
DB01400,P22303
DB01403,P14416
DB01403,P21728
DB01403,P21918
DB01403,P35462
DB01403,P21917
DB01403,P28223
DB01403,P28335
DB01403,P35367
DB01403,P11229
DB01403,P08172
DB01403,P20309
DB01403,P08173
DB01403,P08912
DB01403,P35348
DB01403,P35368
DB01403,P25100
DB01403,P08913
DB01403,P18089
DB01403,P18825
DB01406,P03372
DB01406,P10275
DB01406,P06401
DB01406,P30968
DB01406,Q96P88
DB01406,P13500
DB01410,P04150
DB01427,P27815
DB01427,Q07343
DB01427,Q08493
DB01427,Q08499
DB01427,Q14432
DB01427,Q13370
DB01427,P01375
DB01440,Q9HAB3
DB01440,P18505
DB01576,Q05940
DB01576,P23975
DB01576,Q01959
DB01576,Q96RJ0
DB01576,P35368
DB01576,P35348
DB01576,P35368
DB01576,P25100
DB01576,P08913
DB01576,P18089
DB01576,P18825
DB01577,Q01959
DB01577,P31645
DB01577,P23975
DB01577,Q05940
DB01577,P54219
DB01577,Q96RJ0
DB01577,P08913
DB01577,P18089
DB01577,P18825
DB01577,P21397
DB01577,P27338
DB01579,P35348
DB01579,P23975
DB01579,P35368
DB01590,P42345
DB01611,Q9NYK1
DB01611,Q9NR96
DB01611,Q9BYF1
DB01620,Q9H3N8
DB01620,P35367
DB01620,Q14994
DB01623,P14416
DB01623,P21728
DB01623,P28223
DB01628,P35354
DB02546,Q13547
DB02546,Q92769
DB02546,O15379
DB02546,Q9UBN7
DB02546,Q9BY41
DB02546,O67135
DB02546,Q13547
DB02546,Q969S8
DB02546,Q96DB2
DB02546,Q92769
DB02546,O15379
DB02546,P56524
DB02546,Q9UQL6
DB02546,Q9UBN7
DB02546,Q8WUI4
DB02546,Q9BY41
DB02546,Q9UKV0
DB04844,Q05940
DB04844,P14416
DB04861,P08588
DB04861,P07550
DB04861,P13945
DB04865,P20276
DB04865,P39023
DB04868,P00519
DB04868,P10721
DB05271,P35462
DB05271,P21917
DB05271,P14416
DB05271,P21918
DB05271,P21728
DB05271,P08908
DB05271,P18089
DB06196,P30411
DB06196,P15144
DB06201,Q15858
DB06201,P41594
DB06268,P25101
DB06268,P24530
DB06287,P42345
DB06718,P10275
DB08799,P35367
DB08800,P35367
DB08801,P35367
DB08801,P08172
DB08802,P35367
DB08804,P10275
DB08804,P01100
DB08804,P28223
DB08804,P41595
DB08804,P28335
DB08804,P28222
DB08804,P08069
DB08804,P21728
DB08804,P21918
DB08804,P14416
DB08804,P35462
DB08804,P21917
DB08820,P13569
DB08835,Q04609
DB08896,P17948
DB08896,P35968
DB08896,P35916
DB08896,P10721
DB08896,P16234
DB08896,P09619
DB08896,P11362
DB08896,P21802
DB08896,Q02763
DB08896,Q16832
DB08896,P04629
DB08896,P29317
DB08896,P04049
DB08896,P15056
DB08896,Q15759
DB08896,P42685
DB08896,P00519
DB08896,P07949
DB08901,P00519
DB08901,P11274
DB08901,P10721
DB08901,P07949
DB08901,Q02763
DB08901,P36888
DB08901,P11362
DB08901,P21802
DB08901,P22607
DB08901,P22455
DB08901,P06239
DB08901,P12931
DB08901,P07948
DB08901,P35968
DB08901,P16234
DB08906,P04150
DB08906,P06401
DB08906,P08235
DB08907,P31639
