Drug,Disease
DB00555,C535654
DB00949,C535654
DB01068,C535654
DB00190,D012148
DB00193,D012148
DB00230,D012148
DB00268,D012148
DB00413,D012148
DB00564,D012148
DB00575,D012148
DB00996,D012148
DB01068,D012148
DB01235,D012148
DB00282,D030981
DB00169,D031845
DB00282,D031845
DB00286,D031845
DB00399,D031845
DB00481,D031845
DB00603,D031845
DB00630,D031845
DB00710,D031845
DB00717,D031845
DB00783,D031845
DB00884,D031845
DB00977,D031845
DB00999,D031845
DB06285,D031845
DB00712,D015845
DB00215,D000437
DB00475,D000437
DB00659,D000437
DB00704,D000437
DB00822,D000437
DB00904,D000437
DB00252,C537057
DB00313,C537057
DB00350,C537057
DB00421,C537057
DB00490,C537057
DB00532,C537057
DB00564,C537057
DB00620,C537057
DB00795,C537057
DB01216,C537057
DB00163,D000544
DB00313,D000544
DB00382,D000544
DB00674,D000544
DB00843,D000544
DB00989,D000544
DB01043,D000544
DB00179,D004057
DB00544,D004057
DB00586,D004057
DB00724,D004057
DB00936,D004057
DB00992,D004057
DB00682,C531622
DB00945,C531622
DB00747,C566271
DB00745,D020181
DB00351,D001327
DB00470,D001327
DB00635,D001327
DB00959,D001327
DB01072,D001327
DB01157,D001327
DB01232,D001327
DB01216,D000505
DB00213,D005764
DB00338,D005764
DB00364,D005764
DB00448,D005764
DB00501,D005764
DB00585,D005764
DB00736,D005764
DB00863,D005764
DB00883,D005764
DB00927,D005764
DB01019,D005764
DB01020,D005764
DB01129,D005764
DB01233,D005764
DB01378,D005764
DB00242,D015451
DB00262,D015451
DB00290,D015451
DB00444,D015451
DB00541,D015451
DB00563,D015451
DB00987,D015451
DB01033,D015451
DB01073,D015451
DB01181,D015451
DB01204,D015451
DB00305,D001749
DB00385,D001749
DB00515,D001749
DB00563,D001749
DB00958,D001749
DB00997,D001749
DB00264,C562419
DB00335,C562419
DB00571,C562419
DB00598,C562419
DB00612,C562419
DB01203,C562419
DB04861,C562419
DB00434,C566188
DB00536,C566188
DB00014,D001943
DB00282,D001943
DB00286,D001943
DB00351,D001943
DB00441,D001943
DB00445,D001943
DB00481,D001943
DB00544,D001943
DB00563,D001943
DB00570,D001943
DB00624,D001943
DB00675,D001943
DB00783,D001943
DB00947,D001943
DB00990,D001943
DB00997,D001943
DB01006,D001943
DB01101,D001943
DB01185,D001943
DB01217,D001943
DB01229,D001943
DB01248,D001943
DB01259,D001943
DB00544,D015179
DB00563,D015179
DB00650,D015179
DB00762,D015179
DB01101,D015179
DB00398,D006528
DB00257,C567779
DB00620,C567779
DB01099,C567779
DB01110,C567779
DB01167,C567779
DB01188,C567779
DB00204,D001145
DB00252,D001145
DB00280,D001145
DB00379,D001145
DB00571,D001145
DB00661,D001145
DB00908,D001145
DB01035,D001145
DB01064,D001145
DB01113,D001145
DB01118,D001145
DB01228,D001145
DB00661,C566171
DB00162,C567296
DB03796,C567296
DB00963,C536691
DB00915,C562509
DB01174,D020936
DB00794,D020936
DB01174,D020936
DB00381,D046589
DB00393,D046589
DB00682,D046589
DB00722,D046589
DB00758,D046589
DB00790,D046589
DB00806,D046589
DB00945,D046589
DB01109,D046589
DB01219,D046589
DB00163,C565115
DB00190,C565115
DB00245,C565115
DB00268,C565115
DB00313,C565115
DB00382,C565115
DB00387,C565115
DB00413,C565115
DB00674,C565115
DB00747,C565115
DB00810,C565115
DB00843,C565115
DB00989,C565115
DB01043,C565115
DB00443,C562379
DB00635,C562379
DB00741,C562379
DB00936,C562379
DB01013,C562379
DB01188,C562379
DB01234,C562379
DB00035,D020790
DB00067,D020790
DB00999,D020790
DB00222,C565101
DB00284,C565101
DB00331,C565101
DB00412,C565101
DB00414,C565101
DB00491,C565101
DB00672,C565101
DB00731,C565101
DB00839,C565101
DB00912,C565101
DB01016,C565101
DB01029,C565101
DB01067,C565101
DB01124,C565101
DB01132,C565101
DB01261,C565101
DB00222,C564219
DB00284,C564219
DB00331,C564219
DB00412,C564219
DB00414,C564219
DB00491,C564219
DB00672,C564219
DB00731,C564219
DB00839,C564219
DB00912,C564219
DB01016,C564219
DB01029,C564219
DB01067,C564219
DB01124,C564219
DB01132,C564219
DB01261,C564219
DB00104,C565100
DB00222,D003924
DB00284,D003924
DB00331,D003924
DB00412,D003924
DB00414,D003924
DB00491,D003924
DB00672,D003924
DB00731,D003924
DB00839,D003924
DB00912,D003924
DB01016,D003924
DB01029,D003924
DB01067,D003924
DB01120,D003924
DB01124,D003924
DB01132,D003924
DB01261,D003924
DB00181,D009103
DB00242,D009103
DB00635,D009103
DB00745,D009103
DB00860,D009103
DB00915,D009103
DB00993,D009103
DB01204,D009103
DB01219,D009103
DB05259,D009103
DB00653,C565080
DB00502,D020961
DB00181,C536698
DB00564,C536698
DB00007,D004715
DB00014,D004715
DB00304,D004715
DB00367,D004715
DB00603,D004715
DB00717,D004715
DB00957,D004715
DB00977,D004715
DB01406,D004715
DB00215,D003966
DB00285,D003966
DB00472,D003966
DB00715,D003966
DB01104,D003966
DB00619,C565054
DB00794,D004828
DB00794,D010787
DB00794,D020195
DB00515,D004938
DB00563,D004938
DB00707,D004938
DB00958,D004938
DB00328,C563167
DB00443,C563167
DB00620,C563167
DB00635,C563167
DB00788,C563167
DB01234,C563167
DB00328,C565034
DB00605,C565034
DB00788,C565034
DB00814,C565034
DB00035,C565025
DB00302,C565025
DB00302,D006467
DB00302,C565024
DB00302,C565023
DB00995,D005258
DB00482,D005351
DB00201,D006970
DB00745,D006970
DB01576,D006970
DB00305,D013274
DB00544,D013274
DB00563,D013274
DB00997,D013274
DB01101,D013274
DB01248,D013274
DB00759,C564239
DB00246,D005879
DB00502,D005879
DB00575,D005879
DB00657,D005879
DB00734,D005879
DB00195,C564234
DB00287,C564234
DB00373,C564234
DB00388,C564234
DB00449,C564234
DB00484,C564234
DB00521,C564234
DB00654,C564234
DB00668,C564234
DB00869,C564234
DB00905,C564234
DB01194,C564234
DB01210,C564234
DB01214,C564234
DB00287,D005902
DB00373,D005902
DB00388,D005902
DB00449,D005902
DB00484,D005902
DB00654,D005902
DB00668,D005902
DB00869,D005902
DB00905,D005902
DB01194,D005902
DB01214,D005902
DB00262,D005910
DB00279,D018310
DB00451,D018310
DB00279,D050031
DB00451,D050031
DB00122,D010003
DB00201,D010003
DB00316,D010003
DB00318,D010003
DB00328,D010003
DB00461,D010003
DB00482,D010003
DB00500,D010003
DB00554,D010003
DB00573,D010003
DB00580,D010003
DB00586,D010003
DB00605,D010003
DB00712,D010003
DB00749,D010003
DB00788,D010003
DB00814,D010003
DB00861,D010003
DB00929,D010003
DB00945,D010003
DB00959,D010003
DB00991,D010003
DB01009,D010003
DB01050,D010003
DB01068,D010003
DB01296,D010003
DB00571,D006392
DB00181,D006816
DB04844,D006816
DB00182,D001289
DB00285,D001289
DB00289,D001289
DB00422,D001289
DB00458,D001289
DB00540,D001289
DB00575,D001289
DB00745,D001289
DB01018,D001289
DB01151,D001289
DB01156,D001289
DB01255,D001289
DB01576,D001289
DB01577,D001289
DB01174,D005878
DB00017,C562999
DB00282,C562999
DB00399,C562999
DB00635,C562999
DB00695,C562999
DB00175,D006938
DB00227,D006938
DB00627,D006938
DB00641,D006938
DB01039,D006938
DB01076,D006938
DB01095,D006938
DB01098,D006938
DB01241,D006938
DB00321,D006945
DB00424,D006945
DB00575,D006945
DB00996,D006945
DB01062,D006945
DB01162,D006945
DB00627,D006954
DB00636,D006954
DB01039,D006954
DB01241,D006954
DB00398,D002292
DB00441,D002292
DB00530,D002292
DB00603,D002292
DB01005,D002292
DB01101,D002292
DB01268,D002292
DB01590,D002292
DB06287,D002292
DB00755,C562400
DB00755,C564164
DB00381,D000075222
DB00657,D000075222
DB00678,D000075222
DB00966,D000075222
DB01088,D000075222
DB01258,D000075222
DB01275,D000075222
DB00140,C564156
DB00201,C564156
DB00241,C564156
DB00316,C564156
DB00318,C564156
DB00320,C564156
DB00354,C564156
DB00366,C564156
DB00371,C564156
DB00388,C564156
DB00433,C564156
DB00477,C564156
DB00508,C564156
DB00514,C564156
DB00537,C564156
DB00557,C564156
DB00757,C564156
DB00767,C564156
DB00788,C564156
DB00852,C564156
DB00889,C564156
DB00904,C564156
DB00945,C564156
DB01009,C564156
DB01050,C564156
DB01075,C564156
DB01176,C564156
DB01231,C564156
DB01234,C564156
DB01399,C564156
DB01219,C535694
DB00644,C562785
DB00136,C537907
DB00153,C537907
DB00178,C537907
DB00214,C537907
DB00492,C537907
DB00519,C537907
DB00542,C537907
DB00584,C537907
DB00678,C537907
DB00691,C537907
DB00695,C537907
DB00722,C537907
DB00790,C537907
DB00881,C537907
DB00887,C537907
DB00988,C537907
DB01029,C537907
DB01070,C537907
DB01197,C537907
DB00211,D019578
DB00368,D019578
DB00388,D019578
DB00635,D007154
DB00860,D007154
DB00959,D007154
DB00819,C535932
DB00122,D000699
DB00181,D000699
DB00193,D000699
DB00201,D000699
DB00230,D000699
DB00273,D000699
DB00281,D000699
DB00285,D000699
DB00295,D000699
DB00297,D000699
DB00316,D000699
DB00321,D000699
DB00327,D000699
DB00328,D000699
DB00333,D000699
DB00346,D000699
DB00356,D000699
DB00454,D000699
DB00457,D000699
DB00458,D000699
DB00461,D000699
DB00465,D000699
DB00476,D000699
DB00482,D000699
DB00497,D000699
DB00508,D000699
DB00527,D000699
DB00540,D000699
DB00557,D000699
DB00573,D000699
DB00575,D000699
DB00586,D000699
DB00590,D000699
DB00605,D000699
DB00611,D000699
DB00647,D000699
DB00652,D000699
DB00686,D000699
DB00706,D000699
DB00721,D000699
DB00749,D000699
DB00750,D000699
DB00788,D000699
DB00813,D000699
DB00844,D000699
DB00861,D000699
DB00898,D000699
DB00899,D000699
DB00907,D000699
DB00921,D000699
DB00924,D000699
DB00936,D000699
DB00939,D000699
DB00945,D000699
DB00956,D000699
DB00996,D000699
DB01002,D000699
DB01050,D000699
DB01086,D000699
DB01142,D000699
DB01151,D000699
DB01161,D000699
DB01162,D000699
DB01173,D000699
DB01189,D000699
DB01192,D000699
DB01204,D000699
DB01216,D000699
DB01221,D000699
DB01399,D000699
DB01403,D000699
DB00342,D007299
DB00366,D007299
DB00388,D007299
DB00397,D007299
DB00434,D007299
DB00620,D007299
DB00635,D007299
DB00637,D007299
DB00668,D007299
DB00860,D007299
DB00959,D007299
DB01069,D007299
DB01075,D007299
DB00523,D012514
DB00570,D012514
DB00694,D012514
DB01229,D012514
DB00620,D007627
DB00586,D007873
DB00630,D007873
DB00788,D007873
DB00945,D007873
DB01050,D007873
DB00007,D007889
DB00242,D015451
DB01033,D015451
DB01073,D015451
DB01181,D015451
DB00443,D018459
DB00563,D018459
DB00620,D018459
DB00635,D018459
DB00755,D018459
DB01013,D018459
DB00091,D008180
DB00620,D008180
DB00635,D008180
DB00945,D008180
DB00993,D008180
DB01234,D008180
DB00712,D008269
DB01234,D008269
DB01219,C535696
DB00692,C535507
DB01148,C535507
DB01210,C535507
DB01225,C535507
DB00290,D000096142
DB00851,D000096142
DB00853,D000096142
DB01005,D000096142
DB01248,D000096142
DB00290,D000096142
DB00851,D000096142
DB00853,D000096142
DB01005,D000096142
DB01248,D000096142
DB00829,D008575
DB01231,D008575
DB00490,C563591
DB00201,D020326
DB00216,D020326
DB00241,D020326
DB00273,D020326
DB00315,D020326
DB00316,D020326
DB00320,D020326
DB00328,D020326
DB00353,D020326
DB00373,D020326
DB00434,D020326
DB00510,D020326
DB00533,D020326
DB00571,D020326
DB00635,D020326
DB00661,D020326
DB00669,D020326
DB00696,D020326
DB00697,D020326
DB00788,D020326
DB00918,D020326
DB00924,D020326
DB00945,D020326
DB00952,D020326
DB00953,D020326
DB00996,D020326
DB00998,D020326
DB01173,D020326
DB01233,D020326
DB00211,D008945
DB00264,D008945
DB00335,D008945
DB00571,D008945
DB00598,D008945
DB00612,D008945
DB00687,D008945
DB01203,D008945
DB04861,D008945
DB00457,D020254
DB01019,D020254
DB01162,D020254
DB01400,D020254
DB00747,D009041
DB01069,D009041
DB01075,D009041
DB00993,D049310
DB00697,D009220
DB00924,D009220
DB01173,D009220
DB00177,C562889
DB00178,C562889
DB00187,C562889
DB00195,C562889
DB00203,C562889
DB00206,C562889
DB00214,C562889
DB00226,C562889
DB00264,C562889
DB00270,C562889
DB00275,C562889
DB00287,C562889
DB00310,C562889
DB00325,C562889
DB00343,C562889
DB00350,C562889
DB00364,C562889
DB00373,C562889
DB00374,C562889
DB00381,C562889
DB00401,C562889
DB00421,C562889
DB00436,C562889
DB00449,C562889
DB00457,C562889
DB00484,C562889
DB00492,C562889
DB00519,C562889
DB00521,C562889
DB00524,C562889
DB00542,C562889
DB00559,C562889
DB00571,C562889
DB00575,C562889
DB00590,C562889
DB00594,C562889
DB00598,C562889
DB00622,C562889
DB00654,C562889
DB00657,C562889
DB00661,C562889
DB00678,C562889
DB00691,C562889
DB00692,C562889
DB00695,C562889
DB00722,C562889
DB00796,C562889
DB00800,C562889
DB00808,C562889
DB00820,C562889
DB00869,C562889
DB00876,C562889
DB00880,C562889
DB00881,C562889
DB00883,C562889
DB00887,C562889
DB00903,C562889
DB00905,C562889
DB00960,C562889
DB00966,C562889
DB00968,C562889
DB00988,C562889
DB00999,C562889
DB01018,C562889
DB01023,C562889
DB01029,C562889
DB01085,C562889
DB01088,C562889
DB01115,C562889
DB01136,C562889
DB01162,C562889
DB01170,C562889
DB01189,C562889
DB01193,C562889
DB01194,C562889
DB01197,C562889
DB01203,C562889
DB01210,C562889
DB01240,C562889
DB01244,C562889
DB01258,C562889
DB01275,C562889
DB01359,C562889
DB04861,C562889
DB00176,D009771
DB00215,D009771
DB00285,D009771
DB00334,D009771
DB00472,D009771
DB00715,D009771
DB00904,D009771
DB01104,D009771
DB01175,D009771
DB01224,D009771
DB01238,D009771
DB01242,D009771
DB00490,C563498
DB00230,C535351
DB00252,C535351
DB00476,C535351
DB00564,C535351
DB00620,C535351
DB00996,C535351
DB00122,D010003
DB00328,D010003
DB00482,D010003
DB00500,D010003
DB00554,D010003
DB00573,D010003
DB00580,D010003
DB00586,D010003
DB00605,D010003
DB00712,D010003
DB00749,D010003
DB00788,D010003
DB00814,D010003
DB00861,D010003
DB00945,D010003
DB00991,D010003
DB01009,D010003
DB01050,D010003
DB01068,D010003
DB01296,D010003
DB00214,C536051
DB00282,C536051
DB00695,C536051
DB00887,C536051
DB00988,C536051
DB00017,D010024
DB00169,D010024
DB00282,D010024
DB00481,D010024
DB00630,D010024
DB00710,D010024
DB00884,D010024
DB06285,D010024
DB00440,D010033
DB00535,D010033
DB00537,D010033
DB00741,D010033
DB01086,D010033
DB01137,D010033
DB01165,D010033
DB01234,D010033
DB00017,C563476
DB00282,C563476
DB00399,C563476
DB00630,C563476
DB00884,C563476
DB01133,C563476
DB00176,D016584
DB00186,D016584
DB00215,D016584
DB00285,D016584
DB00404,D016584
DB00458,D016584
DB00472,D016584
DB00490,D016584
DB00540,D016584
DB00715,D016584
DB01068,D016584
DB01104,D016584
DB01156,D016584
DB01242,D016584
DB00190,D010300
DB00245,D010300
DB00268,D010300
DB00323,D010300
DB00376,D010300
DB00387,D010300
DB00413,D010300
DB00494,D010300
DB00714,D010300
DB00747,D010300
DB00810,D010300
DB00915,D010300
DB00989,D010300
DB01186,D010300
DB01200,D010300
DB01235,D010300
DB01367,D010300
DB00190,D010300
DB00245,D010300
DB00268,D010300
DB00323,D010300
DB00387,D010300
DB00413,D010300
DB00494,D010300
DB00714,D010300
DB00747,D010300
DB01186,D010300
DB01367,D010300
DB00115,D000752
DB00571,D010673
DB00575,D010673
DB00598,D010673
DB00692,D010673
DB00765,D010673
DB00925,D010673
DB00620,D010916
DB03904,D010916
DB00675,D005359
DB01217,D005359
DB00482,D011125
DB00605,D011125
DB00482,C562464
DB00007,D046152
DB00331,C566757
DB00650,C566757
DB00007,D011471
DB00014,D011471
DB00286,D011471
DB00499,D011471
DB00783,D011471
DB01101,D011471
DB01128,D011471
DB01196,D011471
DB01204,D011471
DB01248,D011471
DB00203,D006976
DB00374,D006976
DB00559,D006976
DB00820,D006976
DB00883,D006976
DB01088,D006976
DB01240,D006976
DB00270,D011928
DB00343,D011928
DB00381,D011928
DB00401,D011928
DB00457,D011928
DB00590,D011928
DB00727,D011928
DB01023,D011928
DB01113,D011928
DB01115,D011928
DB01197,D011928
DB04272,D000141
DB04272,D000141
DB00608,D012507
DB00620,D012507
DB00635,D012507
DB00993,D012507
DB01234,D012507
DB01058,D012555
DB00246,D012559
DB00313,D012559
DB00334,D012559
DB00363,D012559
DB00408,D012559
DB00434,D012559
DB00472,D012559
DB00477,D012559
DB00502,D012559
DB00555,D012559
DB00564,D012559
DB00623,D012559
DB00679,D012559
DB00734,D012559
DB00831,D012559
DB00933,D012559
DB01063,D012559
DB01068,D012559
DB01224,D012559
DB01238,D012559
DB01267,D012559
DB01356,D012559
DB01623,D012559
DB00755,D017492
DB00444,D018288
DB00515,D018288
DB00563,D018288
DB00773,D018288
DB01030,D018288
DB00215,D010264
DB00433,D010264
DB00502,D010264
DB00734,D010264
DB00304,D011085
DB00331,D011085
DB00367,D011085
DB00717,D011085
DB00977,D011085
DB01395,D011085
DB01005,D013922
DB00570,D016553
DB00620,D016553
DB00635,D016553
DB00993,D016553
DB01234,D016553
DB01240,D016553
DB00208,D019851
DB00278,D019851
DB00407,D019851
DB00569,D019851
DB00806,D019851
DB01225,D019851
DB00398,C572845
DB00997,C572845
DB00181,D014103
DB00186,D014103
DB00653,D011225
DB00727,D011225
DB00264,C536545
DB00571,C536545
DB00794,C536545
DB00909,C536545
DB00996,C536545
DB01203,C536545
DB00213,C536406
DB00338,C536406
DB00364,C536406
DB00424,C536406
DB00448,C536406
DB00501,C536406
DB00572,C536406
DB00585,C536406
DB00736,C536406
DB00747,C536406
DB00794,C536406
DB00863,C536406
DB00927,C536406
DB00929,C536406
DB01129,C536406
DB01174,C536406
DB01203,C536406
DB01378,C536406
DB00181,D014277
DB00564,D014277
DB00697,D014277
DB00771,D003093
DB01003,D003093
DB01033,D003093
DB01222,D003093
DB01019,D001750
DB00286,D000093662
DB00304,D000093662
DB00351,D000093662
DB00367,D000093662
DB00603,D000093662
DB00717,D000093662
DB00957,D000093662
DB00977,D000093662
DB00464,D014648
DB00541,D009396
DB00997,D009396
DB01229,D009396
DB00131,D014927
DB00640,D014927
DB00163,C536000
DB00346,C536000
DB00371,C536000
DB00424,C536000
DB00457,C536000
DB00468,C536000
DB00590,C536000
DB00661,C536000
DB00697,C536000
DB00706,C536000
DB00924,C536000
DB01162,C536000
DB01173,C536000
DB01216,C536000
DB00384,D002549
DB00695,D002549
DB00880,D002549
DB00887,D002549
DB00903,D002549
DB00635,D000744
DB00126,C562385
DB01677,C562385
DB01174,C535382
DB00122,C535387
DB00328,C535387
DB00482,C535387
DB00500,C535387
DB00554,C535387
DB00573,C535387
DB00580,C535387
DB00586,C535387
DB00605,C535387
DB00712,C535387
DB00749,C535387
DB00788,C535387
DB00814,C535387
DB00861,C535387
DB00945,C535387
DB00991,C535387
DB01009,C535387
DB01050,C535387
DB01068,C535387
DB01296,C535387
DB00214,D002915
DB00384,D002915
DB00421,D002915
DB00594,D002915
DB00695,D002915
DB00887,D002915
DB00903,D002915
DB00999,D002915
DB00180,C565935
DB00218,C565935
DB00221,C565935
DB00277,C565935
DB00332,C565935
DB00394,C565935
DB00440,C565935
DB00471,C565935
DB00535,C565935
DB00537,C565935
DB00549,C565935
DB00588,C565935
DB00620,C565935
DB00635,C565935
DB00651,C565935
DB00668,C565935
DB00716,C565935
DB00744,C565935
DB00764,C565935
DB00816,C565935
DB00852,C565935
DB00871,C565935
DB00901,C565935
DB00938,C565935
DB00959,C565935
DB00983,C565935
DB01001,C565935
DB01003,C565935
DB01064,C565935
DB01137,C565935
DB01222,C565935
DB01223,C565935
DB01234,C565935
DB01291,C565935
DB01364,C565935
DB01410,C565935
DB00776,C565933
DB00794,C565933
DB00909,C565933
DB00996,C565933
DB00380,C565932
DB00563,C538013
DB00635,C538013
DB00993,C538013
DB00221,C565905
DB00277,C565905
DB00332,C565905
DB00384,C565905
DB00471,C565905
DB00651,C565905
DB00695,C565905
DB00816,C565905
DB00871,C565905
DB00880,C565905
DB00887,C565905
DB00903,C565905
DB00983,C565905
DB01222,C565905
DB01223,C565905
DB00997,D008175
DB00257,D002178
DB01099,D002178
DB01110,D002178
DB01167,D002178
DB01427,D002311
DB00380,D002311
DB00380,C565881
DB00583,C536778
DB00380,C538280
DB00963,C538280
DB00214,C535858
DB00232,C535858
DB00384,C535858
DB00421,C535858
DB00436,C535858
DB00524,C535858
DB00594,C535858
DB00695,C535858
DB00808,C535858
DB00819,C535858
DB00860,C535858
DB00880,C535858
DB00887,C535858
DB00903,C535858
DB00999,C535858
DB01197,C535858
DB01234,C535858
DB01406,C535858
DB00286,C565850
DB00624,C565850
DB00655,C565850
DB00717,C565850
DB00783,C565850
DB00977,C565850
DB01185,C565850
DB01219,C565679
DB00114,C565678
DB00165,C565678
DB00252,C565678
DB00313,C565678
DB00396,C565678
DB00555,C565678
DB00593,C565678
DB00653,C565678
DB00754,C565678
DB00776,C565678
DB00794,C565678
DB00819,C565678
DB00829,C565678
DB00906,C565678
DB00909,C565678
DB01080,C565678
DB01174,C565678
DB01202,C565678
DB01320,C565678
DB01351,C565678
DB00434,C565672
DB00536,C565672
DB01174,D003414
DB00125,C535767
DB00444,C565617
DB00541,C565617
DB00563,C565617
DB00620,C565617
DB00635,C565617
DB00694,C565617
DB00762,C565617
DB00987,C565617
DB01008,C565617
DB01073,C565617
DB01177,C565617
DB01234,C565617
DB01254,C565617
DB00167,D001927
DB00215,D001927
DB00380,D001927
DB00433,D001927
DB00734,D001927
DB00167,C565594
DB00215,C565594
DB00433,C565594
DB00734,C565594
DB00380,D004695
DB00424,D004760
DB00475,D004760
DB00572,D004760
DB00747,D004760
DB00771,D004760
DB01174,D004760
DB00302,D005166
DB00163,C565557
DB00419,D005776
DB00563,D006828
DB00917,D006828
DB00692,D001606
DB01148,D001606
DB01210,D001606
DB01225,D001606
DB00163,C536835
DB00240,D005317
DB00337,D005317
DB00547,D005317
DB00563,D005317
DB00596,D005317
DB00635,D005317
DB00741,D005317
DB00764,D005317
DB00846,D005317
DB00993,D005317
DB01234,D005317
DB01260,D005317
DB00262,D006689
DB00290,D006689
DB00361,D006689
DB00428,D006689
DB00444,D006689
DB00515,D006689
DB00541,D006689
DB00563,D006689
DB00570,D006689
DB00773,D006689
DB00851,D006689
DB00987,D006689
DB00997,D006689
DB01073,D006689
DB01181,D006689
DB01204,D006689
DB01174,D006932
DB01174,D007566
DB01219,C565498
DB00114,C565494
DB00165,C565494
DB00313,C565494
DB00555,C565494
DB00653,C565494
DB00754,C565494
DB00819,C565494
DB00909,C565494
DB01202,C565494
DB01320,C565494
DB01351,C565494
DB00126,D012614
DB00624,D005058
DB01185,D005058
DB00153,C565478
DB01070,C565478
DB00819,D011559
DB01041,D007918
DB01045,D007918
DB00328,D006646
DB00482,C565441
DB00541,C565441
DB00563,C565441
DB00762,C565441
DB00987,C565441
DB01008,C565441
DB00928,D054221
DB01262,D054221
DB00262,C565429
DB00290,C565429
DB00444,C565429
DB00541,C565429
DB00563,C565429
DB00619,C565429
DB00631,C565429
DB00635,C565429
DB00694,C565429
DB00987,C565429
DB00997,C565429
DB01033,C565429
DB01073,C565429
DB01177,C565429
DB01181,C565429
DB01204,C565429
DB01254,C565429
DB00653,C565423
DB01394,D010505
DB00126,C567102
DB00186,C536988
DB00211,C536988
DB00321,C536988
DB00404,C536988
DB00472,C536988
DB00540,C536988
DB00545,C536988
DB00687,C536988
DB00715,C536988
DB00788,C536988
DB01050,C536988
DB01104,C536988
DB00091,D009157
DB00545,D009157
DB00733,D009157
DB00993,D009157
DB01122,D009157
DB01400,D009157
DB00307,D009182
DB00563,D009182
DB00570,D009182
DB00635,D009182
DB01234,D009182
DB02546,D009182
DB01008,D055728
DB00188,D009101
DB00262,D009101
DB00282,D009101
DB00399,D009101
DB00480,D009101
DB00515,D009101
DB00541,D009101
DB00997,D009101
DB01041,D009101
DB01042,D009101
DB01068,D020190
DB01068,D020194
DB00279,D009230
DB00451,D009230
DB00436,D009404
DB00695,D009404
DB00808,D009404
DB00880,D009404
DB00887,D009404
DB00903,D009404
DB00515,D009447
DB00541,D009447
DB00851,D009447
DB00997,D009447
DB01042,D009447
DB00242,C537752
DB00537,C537752
DB00928,C537752
DB01167,C537752
DB00490,C536420
DB00515,D012516
DB00563,D012516
DB00650,D012516
DB00958,D012516
DB00997,D012516
DB00153,C535282
DB01241,C564906
DB00424,C564899
DB00969,C564899
DB01113,C564899
DB00167,C564894
DB00215,C564894
DB00433,C564894
DB00734,C564894
DB00160,C537286
DB01005,D011087
DB01008,D011087
DB00328,D053579
DB00191,C564870
DB00273,C564870
DB00397,C564870
DB00501,C564870
DB00865,C564870
DB00937,C564870
DB01083,C564870
DB01105,C564870
DB01156,C564870
DB01577,C564870
DB01579,C564870
DB00163,C564859
DB00169,D015212
DB00244,D015212
DB00537,D015212
DB00795,D015212
DB00993,D015212
DB01014,D015212
DB01033,D015212
DB01222,D015212
DB00262,D008228
DB00290,D008228
DB00444,D008228
DB00541,D008228
DB00563,D008228
DB00987,D008228
DB01073,D008228
DB01204,D008228
DB00776,C564847
DB00794,C564847
DB00909,C564847
DB00996,C564847
DB00541,D018232
DB00563,D018232
DB00851,D018232
DB00997,D018232
DB01042,D018232
DB00357,C535865
DB00787,C535865
DB00882,D053713
DB00290,C563236
DB00515,C563236
DB00563,C563236
DB00570,C563236
DB00773,C563236
DB01181,C563236
DB00692,D013915
DB01148,D013915
DB01210,D013915
DB01225,D013915
DB00279,D006111
DB00451,D006111
DB00550,D006111
DB00763,D006111
DB00242,C536928
DB00255,C536928
DB00262,C536928
DB00282,C536928
DB00307,C536928
DB00399,C536928
DB00445,C536928
DB00515,C536928
DB00541,C536928
DB00544,C536928
DB00552,C536928
DB00563,C536928
DB00570,C536928
DB00619,C536928
DB00635,C536928
DB00642,C536928
DB00694,C536928
DB00755,C536928
DB00762,C536928
DB00773,C536928
DB00848,C536928
DB00851,C536928
DB00853,C536928
DB00860,C536928
DB00958,C536928
DB00959,C536928
DB00987,C536928
DB00997,C536928
DB01005,C536928
DB01008,C536928
DB01030,C536928
DB01073,C536928
DB01101,C536928
DB01143,C536928
DB01169,C536928
DB01181,C536928
DB01234,C536928
DB01248,C536928
DB01254,C536928
DB01259,C536928
DB02546,C536928
DB00162,C567296
DB03796,C567296
DB00136,C562794
DB00153,C562794
DB00136,C535393
DB00163,C535393
DB00324,C536746
DB00216,D020326
DB00273,D020326
DB00320,D020326
DB00373,D020326
DB00434,D020326
DB00510,D020326
DB00571,D020326
DB00669,D020326
DB00696,D020326
DB00490,C564714
DB00776,C564505
DB00794,C564505
DB00909,C564505
DB00996,C564505
DB01202,C564505
DB00334,D020817
DB00734,D020817
DB01255,D020817
DB00191,D015794
DB00397,D015794
DB00865,D015794
DB01083,D015794
DB01105,D015794
DB01577,D015794
DB01579,D015794
DB00338,C580192
DB00501,C580192
DB00585,C580192
DB00604,C580192
DB00635,C580192
DB00804,C580192
DB00860,C580192
DB00863,C580192
DB00927,C580192
DB00035,D003919
DB00067,D003919
DB00380,D056889
DB00465,C536085
DB00586,C536085
DB00273,C567924
DB01080,C567924
DB01174,C564118
DB00437,C562901
DB00706,C562901
DB00988,C562901
DB04272,C562901
DB00286,D016649
DB00655,D016649
DB00783,D016649
DB00977,D016649
DB00434,C536692
DB00536,C536692
DB00682,D017241
DB00758,D017241
DB00806,D017241
DB01109,D017241
DB01219,D017241
DB00007,D011470
DB00346,D011470
DB00457,D011470
DB00590,D011470
DB00706,D011470
DB01162,D011470
DB01216,D011470
DB00776,D004832
DB00794,D004832
DB00909,D004832
DB00996,D004832
DB01202,D004832
DB00213,D016481
DB00338,D016481
DB00448,D016481
DB00585,D016481
DB00736,D016481
DB00759,D016481
DB00927,D016481
DB01129,D016481
DB01165,D016481
DB01402,D016481
DB00214,C563949
DB00384,C563949
DB00421,C563949
DB00436,C563949
DB00635,C563949
DB00695,C563949
DB00804,C563949
DB00808,C563949
DB00819,C563949
DB00860,C563949
DB00880,C563949
DB00887,C563949
DB00903,C563949
DB00999,C563949
DB01197,C563949
DB01234,C563949
DB01406,C563949
DB00222,C563933
DB00284,C563933
DB00331,C563933
DB00412,C563933
DB00414,C563933
DB00491,C563933
DB00672,C563933
DB00731,C563933
DB00839,C563933
DB00912,C563933
DB01016,C563933
DB01029,C563933
DB01067,C563933
DB01124,C563933
DB01132,C563933
DB01261,C563933
DB00035,D053206
DB00458,D053206
DB00540,D053206
DB00248,D010911
DB01327,D002764
DB00180,D001249
DB00221,D001249
DB00277,D001249
DB00332,D001249
DB00394,D001249
DB00471,D001249
DB00588,D001249
DB00651,D001249
DB00668,D001249
DB00716,D001249
DB00744,D001249
DB00764,D001249
DB00816,D001249
DB00852,D001249
DB00871,D001249
DB00901,D001249
DB00938,D001249
DB00983,D001249
DB01001,D001249
DB01003,D001249
DB01064,D001249
DB01222,D001249
DB01223,D001249
DB01291,D001249
DB01364,D001249
DB00035,C563439
DB00458,C563439
DB00540,C563439
DB00928,C563407
DB01262,C563407
DB00181,C563401
DB00371,C563401
DB00575,C563401
DB00697,C563401
DB00829,C563401
DB00924,C563401
DB01219,C563401
DB00175,D000083242
DB00393,D000083242
DB00682,D000083242
DB00758,D000083242
DB00806,D000083242
DB00945,D000083242
DB00975,D000083242
DB01109,D000083242
DB01219,D000083242
DB00007,C537243
DB00014,C537243
DB00286,C537243
DB01196,C537243
DB00541,C566652
DB01234,C566652
DB01406,C566652
DB00352,D015470
DB00541,D015470
DB00563,D015470
DB00694,D015470
DB00982,D015470
DB00987,D015470
DB00997,D015470
DB01177,D015470
DB01204,D015470
DB00191,D009765
DB00397,D009765
DB00865,D009765
DB00937,D009765
DB01083,D009765
DB01105,D009765
DB01577,D009765
DB01579,D009765
DB00287,D005902
DB00373,D005902
DB00388,D005902
DB00449,D005902
DB00484,D005902
DB00654,D005902
DB00668,D005902
DB00869,D005902
DB00905,D005902
DB01194,D005902
DB01214,D005902
DB00437,D007896
DB01167,D007896
DB00017,D010001
DB00399,D010001
DB00630,D010001
DB00884,D010001
DB01133,D010001
DB00328,C566530
DB01197,C566530
DB00337,C566404
DB00443,C566404
DB00591,C566404
DB00864,C566404
DB01142,C566404
DB04272,C567038
DB00007,C536253
DB00010,C536253
DB00199,C536253
DB00210,C536253
DB00421,C536253
DB00440,C536253
DB00548,C536253
DB00717,C536253
DB00755,C536253
DB00759,C536253
DB00936,C536253
DB00957,C536253
DB00977,C536253
DB00982,C536253
DB01017,C536253
DB01395,C536253
DB00776,D020190
DB00794,D020190
DB00909,D020190
DB00996,D020190
DB01202,D020190
DB00273,D004831
DB01080,D004831
DB00163,C565728
DB00313,C565728
DB00382,C565728
DB00674,C565728
DB00843,C565728
DB00989,C565728
DB01043,C565728
DB00398,C535516
DB00399,C535516
DB00441,C535516
DB00603,C535516
DB01005,C535516
DB01268,C535516
DB01590,C535516
DB06287,C535516
DB00163,C564676
DB00434,C564676
DB00434,C535428
DB06285,C564655
DB00181,C537217
DB01219,C537217
DB00122,C537583
DB00328,C537583
DB00482,C537583
DB00500,C537583
DB00554,C537583
DB00573,C537583
DB00580,C537583
DB00586,C537583
DB00605,C537583
DB00712,C537583
DB00749,C537583
DB00788,C537583
DB00814,C537583
DB00861,C537583
DB00945,C537583
DB00991,C537583
DB01009,C537583
DB01050,C537583
DB01068,C537583
DB01296,C537583
DB00216,D020325
DB00273,D052018
DB00285,D052018
DB00472,D052018
DB00216,D020326
DB00216,D020325
DB00216,D020326
DB00204,C563817
DB00264,C563817
DB00308,C563817
DB00343,C563817
DB00390,C563817
DB00489,C563817
DB00575,C563817
DB00661,C563817
DB00682,C563817
DB00908,C563817
DB01035,C563817
DB01125,C563817
DB01136,C563817
DB01182,C563817
DB01195,C563817
DB00776,C562694
DB00794,C562694
DB00909,C562694
DB00996,C562694
DB01202,C562694
DB00776,D004832
DB00794,D004832
DB00909,D004832
DB00996,D004832
DB01202,D004832
DB00776,C565811
DB00794,C565811
DB00909,C565811
DB00996,C565811
DB01202,C565811
DB00776,C562694
DB00794,C562694
DB00909,C562694
DB00996,C562694
DB01202,C562694
DB00619,D017681
DB00122,D010003
DB00328,D010003
DB00482,D010003
DB00500,D010003
DB00554,D010003
DB00573,D010003
DB00580,D010003
DB00586,D010003
DB00605,D010003
DB00712,D010003
DB00749,D010003
DB00788,D010003
DB00814,D010003
DB00861,D010003
DB00945,D010003
DB00991,D010003
DB01009,D010003
DB01050,D010003
DB01068,D010003
DB01296,D010003
DB00167,D001925
DB00215,D001925
DB00433,D001925
DB00734,D001925
DB00316,C564296
DB00318,C564296
DB00327,C564296
DB00388,C564296
DB00397,C564296
DB00514,C564296
DB00852,C564296
DB00868,C564296
DB00907,C564296
DB00956,C564296
DB01069,C564296
DB01075,C564296
DB01551,C564296
DB00776,C535499
DB00794,C535499
DB00909,C535499
DB00996,C535499
DB01202,C535499
DB01174,C564274
DB00227,C564258
DB00381,C564258
DB00722,C564258
DB00775,C564258
DB00790,C564258
DB00883,C564258
DB01020,C564258
DB00204,C538261
DB00264,C538261
DB00308,C538261
DB00343,C538261
DB00390,C538261
DB00489,C538261
DB00661,C538261
DB00682,C538261
DB00908,C538261
DB01035,C538261
DB00177,C563897
DB00178,C563897
DB00187,C563897
DB00195,C563897
DB00206,C563897
DB00214,C563897
DB00226,C563897
DB00264,C563897
DB00270,C563897
DB00275,C563897
DB00310,C563897
DB00325,C563897
DB00343,C563897
DB00350,C563897
DB00373,C563897
DB00381,C563897
DB00401,C563897
DB00421,C563897
DB00436,C563897
DB00457,C563897
DB00492,C563897
DB00519,C563897
DB00521,C563897
DB00524,C563897
DB00542,C563897
DB00571,C563897
DB00575,C563897
DB00584,C563897
DB00590,C563897
DB00594,C563897
DB00598,C563897
DB00622,C563897
DB00657,C563897
DB00661,C563897
DB00678,C563897
DB00691,C563897
DB00692,C563897
DB00695,C563897
DB00722,C563897
DB00796,C563897
DB00800,C563897
DB00808,C563897
DB00876,C563897
DB00880,C563897
DB00881,C563897
DB00887,C563897
DB00903,C563897
DB00960,C563897
DB00966,C563897
DB00968,C563897
DB00999,C563897
DB01018,C563897
DB01023,C563897
DB01029,C563897
DB01088,C563897
DB01115,C563897
DB01136,C563897
DB01162,C563897
DB01170,C563897
DB01189,C563897
DB01193,C563897
DB01197,C563897
DB01203,C563897
DB01244,C563897
DB01258,C563897
DB01275,C563897
DB01359,C563897
DB04861,C563897
