Drug,Protein
DB00115,Q99707
DB00115,P22033
DB00115,Q9UBK8
DB00115,Q8IVH4
DB00115,Q9Y4U1
DB00115,P42898
DB00122,P36544
DB00122,Q9Y5K3
DB00122,P22303
DB00122,P49585
DB00122,O14939
DB00122,P06276
DB00122,Q13393
DB00122,Q8TCT1
DB00134,Q9UBK8
DB00134,Q99707
DB00134,P50579
DB00134,Q93088
DB00134,Q9H2M3
DB00140,Q969G6
DB00140,P0AFU8
DB00140,P30043
DB00158,P41439
DB00158,P14207
DB00158,P15328
DB00175,P04035
DB00175,Q92769
DB00176,P31645
DB00176,Q12809
DB00177,P30556
DB00178,P12821
DB00178,P46663
DB00182,Q05940
DB00182,Q01959
DB00182,Q16568
DB00182,Q96RJ0
DB00182,P21397
DB00182,P27338
DB00182,P23975
DB00182,P35348
DB00182,P35368
DB00182,P25100
DB00182,P08913
DB00182,P18089
DB00182,P18825
DB00182,P08588
DB00182,P07550
DB00182,P13945
DB00182,P14416
DB00182,P27338
DB00182,P31645
DB00184,P43681
DB00184,P36544
DB00184,P17787
DB00184,Q15822
DB00184,P32297
DB00184,P30532
DB00184,Q15825
DB00184,Q9UGM1
DB00184,Q9GZZ6
DB00184,Q05901
DB00184,P30926
DB00184,P11511
DB00184,P28329
DB00197,P37231
DB00197,P62508
DB00197,P11474
DB00197,Q03181
DB00197,Q07869
DB00197,P09211
DB00197,O60488
DB00197,P05121
DB00197,Q99808
DB00199,O43193
DB00199,Q12809
DB00201,P30542
DB00201,P29274
DB00201,P29275
DB00201,P0DMS8
DB00201,Q01064
DB00201,Q08499
DB00201,Q13370
DB00201,O76074
DB00201,Q07343
DB00201,P21817
DB00201,P54750
DB00201,Q01064
DB00201,Q14123
DB00201,Q9Y233
DB00201,P27815
DB00201,Q07343
DB00201,Q08493
DB00201,Q08499
DB00201,Q9NP56
DB00201,O00408
DB00201,Q14432
DB00201,Q13370
DB00201,O76074
DB00201,P51160
DB00201,Q9HCR9
DB00201,Q13946
DB00201,O60658
DB00201,O95263
DB00201,O76083
DB00201,P16499
DB00201,P35913
DB00201,P78527
DB00201,O00329
DB00201,P42336
DB00201,P42338
DB00201,Q14643
DB00201,Q14571
DB00201,Q14573
DB00201,Q13315
DB00203,O76074
DB00203,P18545
DB00203,Q13956
DB00203,P11926
DB00203,Q9NZQ7
DB00206,Q05940
DB00206,P54219
DB00206,O15392
DB00211,P35348
DB00211,P35368
DB00211,P25100
DB00227,P04035
DB00227,P20701
DB00227,Q92769
DB00242,P23921
DB00242,P31350
DB00242,Q7LG56
DB00242,P09884
DB00242,Q07864
DB00242,P56282
DB00242,Q9NRF9
DB00242,Q9NR33
DB00242,P00491
DB00252,Q14524
DB00252,P35498
DB00252,Q12809
DB00252,Q13936
DB00252,Q01668
DB00252,O60840
DB00252,Q13698
DB00252,Q02641
DB00252,Q08289
DB00252,P54284
DB00252,O00305
DB00252,O00555
DB00252,Q99250
DB00252,Q9UQD0
DB00252,O75469
DB00252,Q07699
DB00252,Q9NY46
DB00252,P14867
DB00252,P47869
DB00252,P34903
DB00252,P48169
DB00252,P31644
DB00252,Q16445
DB00252,P18505
DB00252,P47870
DB00252,P28472
DB00252,O14764
DB00252,P78334
DB00252,Q8N1C3
DB00252,P18507
DB00252,Q99928
DB00252,O00591
DB00252,Q9UN88
DB00255,Q92731
DB00255,P03372
DB00255,P62508
DB00255,P11474
DB00255,O95718
DB00255,Q15596
DB00255,O75469
DB00255,P10275
DB00255,P04278
DB00257,P10613
DB00257,O15554
DB00257,O75469
DB00257,Q8TDS4
DB00264,P08588
DB00264,P07550
DB00264,P08588
DB00264,P07550
DB00264,P13945
DB00276,P11388
DB00276,Q12809
DB00276,P02763
DB00276,P02768
DB00277,P30542
DB00277,P29274
DB00277,P29275
DB00277,Q07343
DB00277,O76074
DB00277,P27815
DB00277,Q14432
DB00277,Q92769
DB00277,Q99829
DB00277,Q8TCT9
DB00277,Q15155
DB00277,P09874
DB00277,Q7Z5B4
DB00277,Q9Y4R7
DB00280,Q14524
DB00280,P11229
DB00280,P08172
DB00280,P20309
DB00280,Q9NZV8
DB00280,Q9UK17
DB00280,Q12809
DB00280,P19652
DB00281,Q9Y5Y9
DB00281,Q15858
DB00281,Q14524
DB00281,P00533
DB00281,P35499
DB00281,P02763
DB00281,P19652
DB00285,P31645
DB00285,P23975
DB00285,Q01959
DB00286,Q92731
DB00286,P03372
DB00295,P35372
DB00295,P41145
DB00295,P41143
DB00295,Q9Y6Y9
DB00313,Q9UKV0
DB00313,P45954
DB00313,Q02218
DB00313,P51649
DB00313,P35498
DB00313,Q9Y5Y9
DB00313,Q9UI33
DB00313,Q99250
DB00313,Q9NY46
DB00313,P35499
DB00313,Q14524
DB00313,Q01118
DB00313,Q9UQD0
DB00313,Q15858
DB00313,Q07699
DB00313,O60939
DB00313,Q9NY72
DB00313,Q8IWT1
DB00313,Q92769
DB00313,Q07869
DB00313,Q03181
DB00313,P37231
DB00313,Q13547
DB00313,Q969S8
DB00313,Q96DB2
DB00313,Q92769
DB00313,O15379
DB00313,P56524
DB00313,Q9UQL6
DB00313,Q9UBN7
DB00313,Q8WUI4
DB00313,Q9BY41
DB00313,Q9UKV0
DB00313,P38936
DB00313,P14210
DB00313,P11926
DB00313,Q9NZQ7
DB00316,P35354
DB00316,P23219
DB00316,Q15185
DB00316,Q8NER1
DB00317,P00533
DB00320,P28222
DB00320,P28221
DB00320,P30939
DB00320,P08913
DB00320,P08908
DB00320,P28566
DB00320,P28223
DB00320,P41595
DB00320,P28335
DB00320,P35348
DB00320,P35368
DB00320,P25100
DB00320,P08913
DB00320,P18089
DB00320,P18825
DB00320,P14416
DB00320,P35462
DB00320,P21917
DB00320,Q13639
DB00320,P13945
DB00321,P23975
DB00321,P31645
DB00321,P28223
DB00321,P08908
DB00321,P41143
DB00321,P41145
DB00321,P04629
DB00321,Q16620
DB00321,P35348
DB00321,P25100
DB00321,P08913
DB00321,P35367
DB00321,O43526
DB00321,Q09470
DB00321,P25021
DB00321,Q9H3N8
DB00321,Q99720
DB00321,P28335
DB00321,P35368
DB00321,P34969
DB00321,P28221
DB00321,P35372
DB00321,P28222
DB00321,P50406
DB00321,O43525
DB00321,P08909
DB00321,P11229
DB00321,P08172
DB00321,P20309
DB00321,P08173
DB00321,P08912
DB00321,Q12809
DB00321,Q9H252
DB00321,Q9NS40
DB00328,P35354
DB00328,P14555
DB00328,P23219
DB00328,Q8N8N7
DB00328,P37231
DB00328,Q04760
DB00328,Q9Y5Y4
DB00328,Q07869
DB00328,P42330
DB00328,P19525
DB00328,P23219
DB00328,P35354
DB00332,P20309
DB00332,P11229
DB00332,P08172
DB00333,P35372
DB00333,Q05586
DB00333,Q12879
DB00333,Q13224
DB00333,Q14957
DB00333,O15399
DB00333,Q8TCU5
DB00333,O60391
DB00333,P41143
DB00333,P36544
DB00333,P46098
DB00333,P32297
DB00333,P43681
DB00333,P17787
DB00334,P28223
DB00334,P14416
DB00334,P21728
DB00334,P21918
DB00334,P35462
DB00334,P21917
DB00334,P28335
DB00334,P46098
DB00334,P50406
DB00334,P35367
DB00334,P35348
DB00334,P35368
DB00334,P11229
DB00334,P08172
DB00334,P20309
DB00334,P08173
DB00334,P21728
DB00334,P21918
DB00334,P08588
DB00334,P07550
DB00334,P13945
DB00334,P08908
DB00334,P28222
DB00334,P28221
DB00334,P28566
DB00334,P30939
DB00334,P14867
DB00334,P47869
DB00334,P34903
DB00334,P31644
DB00334,Q8N1C3
DB00334,P18507
DB00334,Q99928
DB00342,P35367
DB00342,P20309
DB00342,P11229
DB00342,P08912
DB00342,P08173
DB00342,P08172
DB00342,Q12809
DB00343,Q13936
DB00343,Q06432
DB00344,P23975
DB00344,P31645
DB00349,P14867
DB00349,P47869
DB00349,P34903
DB00349,P48169
DB00349,P31644
DB00349,Q16445
DB00349,P18505
DB00349,P47870
DB00349,P28472
DB00349,O14764
DB00349,P78334
DB00349,Q8N1C3
DB00349,P18507
DB00349,Q99928
DB00349,O00591
DB00349,Q9UN88
DB00349,P14867
DB00349,P47869
DB00349,P34903
DB00349,P31644
DB00349,Q8N1C3
DB00349,P18507
DB00349,Q99928
DB00358,P29274
DB00361,P07437
DB00363,P21728
DB00363,P14416
DB00363,P35462
DB00363,P21917
DB00363,P21918
DB00363,P08908
DB00363,P28222
DB00363,P28221
DB00363,P28566
DB00363,P28223
DB00363,P46098
DB00363,P28335
DB00363,P50406
DB00363,P34969
DB00363,P18825
DB00363,P35367
DB00363,Q9H3N8
DB00363,P35348
DB00363,P35368
DB00363,P08913
DB00363,P18089
DB00363,P11229
DB00363,P08172
DB00363,P20309
DB00363,P08173
DB00363,P08912
DB00363,Q9NYX4
DB00363,P09211
DB00363,Q9UBS5
DB00363,O75899
DB00363,P14867
DB00363,P18505
DB00363,Q8N1C3
DB00368,P35348
DB00368,P35368
DB00368,P25100
DB00368,P08913
DB00368,P18089
DB00368,P18825
DB00368,P08588
DB00368,P07550
DB00368,P13945
DB00368,P00439
DB00368,Q05940
DB00368,P54219
DB00371,P14867
DB00371,P47869
DB00371,P34903
DB00371,P48169
DB00371,P31644
DB00371,Q16445
DB00371,P18505
DB00371,P47870
DB00371,P28472
DB00371,O14764
DB00371,P78334
DB00371,Q8N1C3
DB00371,P18507
DB00371,Q99928
DB00371,O00591
DB00371,Q9UN88
DB00371,P14867
DB00371,P47869
DB00371,P34903
DB00371,P48169
DB00371,P31644
DB00371,Q16445
DB00373,P08588
DB00373,P07550
DB00373,P00720
DB00382,P06276
DB00382,P22303
DB00382,P23141
DB00390,P05023
DB00396,P06401
DB00396,P08235
DB00396,P03372
DB00396,P05093
DB00396,P41145
DB00396,P02763
DB00396,P04150
DB00396,P10275
DB00396,P04278
DB00396,Q92731
DB00398,P15056
DB00398,P04049
DB00398,P35916
DB00398,P35968
DB00398,P17948
DB00398,P36888
DB00398,P09619
DB00398,P10721
DB00398,P11362
DB00398,P07949
DB00401,Q13936
DB00401,P54289
DB00401,Q08289
DB00401,Q01668
DB00401,Q13698
DB00412,P37231
DB00412,O60488
DB00412,Q07869
DB00412,Q03181
DB00412,P19793
DB00412,P28702
DB00412,P48443
DB00421,P08235
DB00421,P04150
DB00421,P10275
DB00421,P06401
DB00421,P03372
DB00421,Q92731
DB00421,O75469
DB00421,Q13936
DB00421,Q01668
DB00421,O60840
DB00421,Q13698
DB00421,Q02641
DB00421,Q08289
DB00421,P54284
DB00421,O00305
DB00421,O00555
DB00428,Q89ZI2
DB00428,P11168
DB00428,O60502
DB00437,P47989
DB00439,P04035
DB00440,P0ABQ4
DB00441,P23921
DB00441,P04818
DB00441,P30085
DB00443,P04150
DB00445,P11388
DB00446,P0ADY7
DB00446,P24093
DB00446,P08174
DB00451,P06756
DB00451,P05106
DB00451,P10827
DB00451,P10828
DB00455,P35367
DB00455,Q12809
DB00457,P35348
DB00457,P35368
DB00457,P25100
DB00457,Q12809
DB00457,P08913
DB00457,P18089
DB00457,P35348
DB00457,P35368
DB00457,P25100
DB00458,P23975
DB00458,P31645
DB00458,P28223
DB00458,P35367
DB00458,P35348
DB00458,P25100
DB00458,P11229
DB00458,P08172
DB00458,P20309
DB00458,P08173
DB00458,P08912
DB00458,Q9NZV8
DB00458,Q9UK17
DB00458,P28335
DB00458,P35368
DB00458,P34969
DB00458,P21728
DB00458,P21918
DB00458,P14416
DB00458,Q12809
DB00458,Q01959
DB00458,P08908
DB00458,P50406
DB00458,O95259
DB00458,P19652
DB00468,P14770
DB00468,O15554
DB00470,P21554
DB00470,P34972
DB00471,Q9Y271
DB00471,P09917
DB00472,P31645
DB00472,P28335
DB00472,Q15822
DB00472,P32297
DB00472,P30926
DB00472,P61024
DB00472,Q12809
DB00477,P14416
DB00477,P21728
DB00477,P08908
DB00477,P28223
DB00477,P35348
DB00477,P35368
DB00477,P35367
DB00477,Q12809
DB00477,P21728
DB00477,P21918
DB00477,P35462
DB00477,P21917
DB00477,P21918
DB00477,P28335
DB00477,P28223
DB00477,P41595
DB00477,P28335
DB00477,P35348
DB00477,P35368
DB00477,P25100
DB00477,P08913
DB00477,P18089
DB00477,P18825
DB00477,P11229
DB00477,P20309
DB00477,P17405
DB00477,P0DP23
DB00477,P02763
DB00477,P19652
DB00477,P50406
DB00477,P34969
DB00477,Q9H3N8
DB00482,P35354
DB00482,P00918
DB00482,P07451
DB00482,P55287
DB00482,O15530
DB00482,Q99519
DB00490,P08908
DB00490,P14416
DB00490,P35462
DB00490,P21917
DB00490,P35348
DB00490,P35368
DB00490,P25100
DB00495,Q72547
DB00495,O14746
DB00500,P35354
DB00500,P23219
DB00501,P25021
DB00502,P28335
DB00502,P14416
DB00502,P28223
DB00502,P35462
DB00502,Q99705
DB00502,Q05940
DB00502,Q99720
DB00502,P35367
DB00502,P20309
DB00502,P35348
DB00502,P08913
DB00502,P18089
DB00502,P18825
DB00502,P08908
DB00502,P50406
DB00502,P34969
DB00502,Q13224
DB00502,P21728
DB00514,Q99720
DB00514,Q8TCU5
DB00514,Q15822
DB00514,P31645
DB00514,O00264
DB00514,P32297
DB00514,P43681
DB00514,P30926
DB00514,P17787
DB00514,P36544
DB00514,P35372
DB00514,P41143
DB00514,P41145
DB00514,P04839
DB00514,P13498
DB00514,P14598
DB00514,P19878
DB00514,Q15080
DB00514,P63000
DB00514,P15153
DB00514,P23975
DB00518,F1L7U3
DB00518,Q71U36
DB00518,P68371
DB00518,P83223
DB00519,P12821
DB00523,P10276
DB00523,P19793
DB00523,P10826
DB00523,P28702
DB00523,P13631
DB00523,P48443
DB00523,P17936
DB00523,Q15238
DB00523,Q6V0L0
DB00530,O75469
DB00530,P00533
DB00533,P35354
DB00533,P15502
DB00537,P43702
DB00537,P43700
DB00537,P11388
DB00537,Q12809
DB00537,P0AES4
DB00537,P0C1U9
DB00537,Q59192
DB00537,P05653
DB00537,C3T8E2
DB00537,B4YQT9
DB00537,P20831
DB00539,P03372
DB00539,P04278
DB00541,P07437
DB00541,P68366
DB00542,P12821
DB00544,P04818
DB00549,Q9Y271
DB00554,P35354
DB00554,P23219
DB00555,Q15878
DB00555,P35498
DB00555,Q9Y5Y9
DB00555,Q9UI33
DB00555,Q99250
DB00555,Q9NY46
DB00555,P35499
DB00555,Q14524
DB00555,Q01118
DB00555,Q9UQD0
DB00555,Q15858
DB00555,P30542
DB00555,P29274
DB00555,P35348
DB00555,P08913
DB00555,P08588
DB00555,P21728
DB00555,P21918
DB00555,P14416
DB00555,P14867
DB00555,P47869
DB00555,P34903
DB00555,P48169
DB00555,P31644
DB00555,Q16445
DB00555,P18505
DB00555,P47870
DB00555,P28472
DB00555,O14764
DB00555,P78334
DB00555,Q8N1C3
DB00555,P18507
DB00555,Q99928
DB00555,O00591
DB00555,Q9UN88
DB00555,P14867
DB00555,P47869
DB00555,P34903
DB00555,P31644
DB00555,Q8N1C3
DB00555,P18507
DB00555,Q99928
DB00555,P35367
DB00555,P41145
DB00555,P02708
DB00555,P28223
DB00555,P46098
DB00555,P42261
DB00559,P24530
DB00559,P25101
DB00563,P04818
DB00563,P31939
DB00563,P00374
DB00564,P35498
DB00564,Q9Y5Y9
DB00564,Q9UI33
DB00564,Q99250
DB00564,Q9NY46
DB00564,P35499
DB00564,Q14524
DB00564,Q01118
DB00564,Q9UQD0
DB00564,Q15858
DB00564,P43681
DB00564,O75469
DB00570,Q71U36
DB00570,P07437
DB00570,Q9UJT1
DB00570,P23258
DB00570,Q9UJT0
DB00570,P05412
DB00571,P08588
DB00571,P07550
DB00571,P13945
DB00571,P08908
DB00571,P28222
DB00575,P18089
DB00575,P18825
DB00575,P08913
DB00575,P35348
DB00575,P35368
DB00575,P25100
DB00584,P12821
DB00586,P35354
DB00586,P23219
DB00590,P35348
DB00590,P25100
DB00590,Q12809
DB00590,Q9H252
DB00590,Q9NS40
DB00590,P35368
DB00594,P37088
DB00594,P51168
DB00594,P51170
DB00594,P51172
DB00594,P19801
DB00594,Q16515
DB00594,P78348
DB00594,P19634
DB00594,P00749
DB00605,P35354
DB00605,P23219
DB00605,P15121
DB00605,P27361
DB00605,Q03181
DB00605,Q9Y5Y4
DB00605,O60218
DB00608,P09210
DB00608,P01375
DB00608,Q9NR96
DB00608,Q8ILQ7
DB00608,P09429
DB00608,P09488
DB00608,Q9BYF1
DB00619,P11274
DB00619,P10721
DB00619,P07949
DB00619,P04629
DB00619,P07333
DB00619,P16234
DB00619,Q08345
DB00619,P00519
DB00619,P09619
DB00619,Q16832
DB00622,Q13936
DB00622,Q08289
DB00622,P54289
DB00622,Q01668
DB00622,P54750
DB00622,Q01064
DB00622,P35348
DB00622,P35368
DB00622,P25100
DB00622,P11229
DB00622,P08172
DB00622,P20309
DB00622,P08173
DB00622,P08912
DB00622,P0DP23
DB00622,Q06432
DB00622,Q9Y698
DB00622,O60359
DB00622,Q9UBN1
DB00622,Q9UF02
DB00622,Q9BXT2
DB00622,P62955
DB00622,Q8WXS5
DB00622,P54289
DB00622,Q9NY47
DB00622,Q8IZS8
DB00622,Q7Z3S7
DB00622,Q13936
DB00622,Q01668
DB00622,O60840
DB00622,Q13698
DB00622,Q02641
DB00622,Q08289
DB00622,P54284
DB00622,O00305
DB00622,Q00975
DB00622,O00555
DB00622,Q15878
DB00622,O43497
DB00622,O95180
DB00622,Q9P0X4
DB00622,O43497
DB00622,O95180
DB00622,Q9P0X4
DB00623,P14416
DB00623,P21728
DB00623,P0DP23
DB00623,P10275
DB00623,P28223
DB00623,P28335
DB00624,P10275
DB00624,P03372
DB00624,P08235
DB00627,P49019
DB00627,Q8TDS4
DB00627,Q15274
DB00627,P40261
DB00635,P04150
DB00637,P35367
DB00637,Q12809
DB00637,O95259
DB00637,P10636
DB00640,P30542
DB00640,P29274
DB00640,P29275
DB00640,P0DMS8
DB00641,P04035
DB00641,P20701
DB00641,Q92769
DB00643,Q71U36
DB00643,P68371
DB00655,P03372
DB00655,Q92731
DB00655,P10275
DB00655,P11511
DB00655,P04278
DB00656,P28223
DB00656,P28335
DB00656,P31645
DB00656,P08908
DB00656,P35367
DB00656,P35348
DB00656,P08913
DB00656,P08909
DB00661,Q13936
DB00661,Q00975
DB00661,O00555
DB00661,Q14654
DB00661,O43497
DB00661,O95180
DB00661,Q12809
DB00661,P31645
DB00661,P35348
DB00661,P35368
DB00661,P25100
DB00661,Q06432
DB00661,Q9Y698
DB00661,O60359
DB00661,Q9UBN1
DB00661,Q9UF02
DB00661,Q9BXT2
DB00661,P62955
DB00661,Q8WXS5
DB00661,P54289
DB00661,Q9NY47
DB00661,Q8IZS8
DB00661,Q7Z3S7
DB00661,Q13936
DB00661,Q01668
DB00661,O60840
DB00661,Q13698
DB00661,Q02641
DB00661,Q08289
DB00661,P54284
DB00661,O00305
DB00661,Q00975
DB00661,O00555
DB00661,Q15878
DB00661,O43497
DB00661,O95180
DB00661,Q9P0X4
DB00661,P08183
DB00668,P35348
DB00668,P35368
DB00668,P08588
DB00668,P07550
DB00668,P08913
DB00668,P18089
DB00668,P25100
DB00668,P01375
DB00669,P08908
DB00669,P28221
DB00669,P28222
DB00669,P30939
DB00672,Q09428
DB00675,P03372
DB00675,Q92731
DB00675,P17252
DB00675,P05771
DB00675,Q05655
DB00675,Q02156
DB00675,P05129
DB00675,P41743
DB00675,Q04759
DB00675,Q05513
DB00675,P04278
DB00675,Q15125
DB00675,P10275
DB00675,Q12809
DB00675,O75469
DB00675,P62508
DB00675,P45983
DB00678,P30556
DB00683,P14867
DB00683,P47869
DB00683,P34903
DB00683,P48169
DB00683,P31644
DB00683,Q16445
DB00683,P18505
DB00683,P47870
DB00683,P28472
DB00683,O14764
DB00683,P78334
DB00683,Q8N1C3
DB00683,P18507
DB00683,Q99928
DB00683,O00591
DB00683,Q9UN88
DB00683,P14867
DB00683,P47869
DB00683,P34903
DB00683,P31644
DB00683,Q8N1C3
DB00683,P18507
DB00683,Q99928
DB00683,P29274
DB00690,P14867
DB00690,P47869
DB00690,P34903
DB00690,P48169
DB00690,P31644
DB00690,Q16445
DB00690,P18505
DB00690,P47870
DB00690,P28472
DB00690,O14764
DB00690,P78334
DB00690,Q8N1C3
DB00690,P18507
DB00690,Q99928
DB00690,O00591
DB00690,Q9UN88
DB00690,P14867
DB00690,P47869
DB00690,P34903
DB00690,P31644
DB00690,Q8N1C3
DB00690,P18507
DB00690,Q99928
DB00694,P11388
DB00694,Q02880
DB00695,Q13621
DB00695,P00918
DB00695,Q9HC97
DB00696,P28221
DB00696,P28222
DB00696,P28223
DB00696,P35348
DB00696,P35368
DB00696,P25100
DB00696,P14416
DB00696,P08913
DB00696,P21728
DB00696,P21918
DB00696,P08908
DB00696,P30939
DB00696,P28335
DB00696,P41595
DB00696,P18825
DB00704,P35372
DB00704,P41145
DB00704,P41143
DB00704,Q99720
DB00712,P35354
DB00712,P23219
DB00715,P31645
DB00715,P23975
DB00715,P28223
DB00715,P35348
DB00715,P35368
DB00715,P25100
DB00715,P08913
DB00715,P18089
DB00715,P18825
DB00715,P08588
DB00715,P07550
DB00715,P13945
DB00715,P14416
DB00715,P35367
DB00715,P08908
DB00715,P28222
DB00715,P28221
DB00715,P28566
DB00715,P30939
DB00715,P28223
DB00715,P41595
DB00715,P28335
DB00715,P46098
DB00715,O95264
DB00715,Q8WXA8
DB00715,Q70Z44
DB00715,A5X5Y0
DB00715,Q13639
DB00715,P50406
DB00715,P34969
DB00715,P11229
DB00715,P08172
DB00715,P20309
DB00715,P08173
DB00715,P08912
DB00715,P41595
DB00715,P21728
DB00715,P21918
DB00726,P31645
DB00726,P23975
DB00726,Q01959
DB00726,P28223
DB00726,P08908
DB00726,P35348
DB00726,P35368
DB00726,P14416
DB00726,P18089
DB00726,P35367
DB00726,P28335
DB00726,P46098
DB00726,P28221
DB00726,P08913
DB00726,P21728
DB00726,P21918
DB00726,P08588
DB00726,P07550
DB00726,P13945
DB00726,P11229
DB00726,P08172
DB00726,P20309
DB00726,P08173
DB00726,P08912
DB00726,P08909
DB00734,P28223
DB00734,P14416
DB00734,P35368
DB00734,P18089
DB00734,P35348
DB00734,P18825
DB00734,P35367
DB00734,P28335
DB00734,P28221
DB00734,P08908
DB00734,P34969
DB00734,P21728
DB00740,Q14524
DB00740,Q9UPY5
DB00741,P04150
DB00741,P04083
DB00749,P35354
DB00749,P23219
DB00749,P19793
DB00755,P10276
DB00755,P10826
DB00755,P13631
DB00755,P19793
DB00755,P28702
DB00755,P48443
DB00755,P29762
DB00755,P49788
DB00755,P00352
DB00755,O94788
DB00755,Q8NFJ5
DB00755,P31025
DB00755,Q9NY56
DB00755,P02753
DB00755,Q16654
DB00755,Q14081
DB00758,Q9H244
DB00759,P02359
DB00759,P0AG59
DB00759,P0A7V3
DB00759,P0A7W7
DB00759,P0A7U3
DB00759,P04156
DB00759,C9EH48
DB00759,Q9UM07
DB00773,P11388
DB00773,Q02880
DB00783,P03372
DB00783,Q92731
DB00783,O75469
DB00783,P43681
DB00783,Q99527
DB00783,P00846
DB00783,Q14457
DB00788,P23219
DB00788,P35354
DB00788,Q51911
DB00790,P12821
DB00790,Q6FHJ7
DB00795,P09917
DB00795,P35354
DB00795,P23219
DB00795,P24752
DB00795,P04054
DB00795,Q9UPY5
DB00795,P19838
DB00795,Q00653
DB00795,O14920
DB00795,O15111
DB00795,P37231
DB00796,P30556
DB00802,P35372
DB00810,P11229
DB00811,P20839
DB00811,P26676
DB00811,P12823
DB00811,P12268
DB00811,P16502
DB00812,P23219
DB00812,P35354
DB00812,Q16647
DB00813,P35372
DB00813,P41143
DB00813,P41145
DB00813,P08183
DB00814,P35354
DB00814,P23219
DB00819,P00915
DB00819,P00918
DB00819,P22748
DB00819,O43570
DB00819,Q9ULX7
DB00819,P07451
DB00819,P43166
DB00819,P29972
DB00829,P14867
DB00829,P47869
DB00829,P34903
DB00829,P48169
DB00829,P31644
DB00829,Q16445
DB00829,P18505
DB00829,P47870
DB00829,P28472
DB00829,O14764
DB00829,P78334
DB00829,Q8N1C3
DB00829,P18507
DB00829,Q99928
DB00829,O00591
DB00829,Q9UN88
DB00829,P14867
DB00829,P47869
DB00829,P34903
DB00829,P31644
DB00829,Q8N1C3
DB00829,P18507
DB00829,Q99928
DB00831,P14416
DB00831,Q9NYX4
DB00831,P35348
DB00831,P0DP23
DB00831,P63316
DB00831,P26447
DB00834,P06401
DB00834,P04150
DB00834,P07288
DB00834,O75469
DB00836,P35372
DB00836,P41143
DB00836,P41145
DB00836,P0DP23
DB00836,P01189
DB00836,O00555
DB00836,Q12809
DB00845,P37231
DB00845,P22001
DB00860,P04150
DB00861,P35354
DB00861,P23219
DB00863,P25021
DB00863,P22303
DB00875,P14416
DB00875,P21728
DB00875,P28223
DB00875,P35348
DB00875,P35462
DB00875,P21917
DB00875,P28335
DB00875,P11229
DB00877,P42345
DB00882,P03372
DB00882,P04278
DB00887,Q13621
DB00887,P55011
DB00887,Q9UP95
DB00887,Q9H2X9
DB00887,P13569
DB00903,Q13621
DB00903,P05023
DB00903,Q9UJU2
DB00903,P09211
DB00907,Q01959
DB00907,P23975
DB00907,P35498
DB00907,Q9Y5Y9
DB00907,Q9UI33
DB00907,Q99250
DB00907,Q9NY46
DB00907,P35499
DB00907,Q14524
DB00907,Q01118
DB00907,Q9UQD0
DB00907,Q15858
DB00907,Q07699
DB00907,O60939
DB00907,Q9NY72
DB00907,Q8IWT1
DB00907,P31645
DB00907,P11229
DB00907,P08172
DB00907,Q99720
DB00907,P23141
DB00908,Q14524
DB00908,O00180
DB00908,Q9Y257
DB00908,Q12809
DB00908,P35348
DB00908,P35368
DB00908,P25100
DB00914,Q13131
DB00914,Q15842
DB00915,P21430
DB00915,Q8TCU5
DB00915,P14416
DB00915,P36544
DB00915,P43681
DB00915,P32297
DB00917,P43116
DB00917,P34995
DB00917,P43115
DB00917,P35408
DB00917,Q9Y5Y4
DB00921,P41145
DB00921,P35372
DB00921,P41143
DB00921,P41146
DB00925,P35348
DB00925,P08913
DB00925,P18825
DB00925,P18089
DB00925,P0DP23
DB00925,P07550
DB00925,P35368
DB00925,P25100
DB00927,P25021
DB00934,P23975
DB00934,P35367
DB00934,P11229
DB00934,P08172
DB00934,P20309
DB00934,P08173
DB00934,P08912
DB00934,P35348
DB00934,P35368
DB00934,P25100
DB00934,P28223
DB00934,P28335
DB00934,P34969
DB00934,P14416
DB00934,P08913
DB00934,P18089
DB00934,P18825
DB00936,P23219
DB00936,P35354
DB00936,Q04828
DB00945,P23219
DB00945,P35354
DB00945,Q04828
DB00945,Q13131
DB00945,P54646
DB00945,Q9Y478
DB00945,O43741
DB00945,P54619
DB00945,Q9UGJ0
DB00945,Q9UGI9
DB00945,P25101
DB00945,P04637
DB00945,P11021
DB00945,P51812
DB00945,P25963
DB00945,P98066
DB00945,P29466
DB00945,P42574
DB00945,O14920
DB00945,P28482
DB00945,Q8TD08
DB00945,P27361
DB00945,P31152
DB00945,Q16659
DB00945,Q13164
DB00945,P24385
DB00945,P01106
DB00945,P12004
DB00945,Q99519
DB00950,P35367
DB00959,P04150
DB00959,P04083
DB00966,P37231
DB00966,P30556
DB00967,P35367
DB00968,P20711
DB00968,P08913
DB00973,Q9UHC9
DB00973,P35610
DB00973,P15144
DB00977,P03372
DB00977,O75469
DB00987,P06746
DB00988,P14416
DB00988,P21728
DB00988,P21918
DB00988,P35462
DB00988,P21917
DB00988,Q01959
DB00988,P09172
DB00988,P08908
DB00988,P34969
DB00988,P21728
DB00988,P21918
DB00988,P23975
DB00988,P31645
DB00988,P46098
DB00988,O95264
DB00988,P00441
DB00988,Q05940
DB00997,P11388
DB00997,Q14978
DB00997,P11387
DB00997,Q02880
DB01009,P35354
DB01009,P23219
DB01009,P25024
DB01011,P15538
DB01011,P00183
DB01016,Q09428
DB01016,Q14654
DB01016,O60706
DB01016,O95342
DB01016,O95477
DB01016,Q14654
DB01016,Q15842
DB01016,P50416
DB01016,P13569
DB01016,Q8TD43
DB01023,Q13936
DB01023,P54289
DB01023,Q08289
DB01023,Q01668
DB01023,Q13698
DB01023,O95180
DB01023,Q9NY47
DB01023,P0DP23
DB01023,Q01064
DB01023,P54750
DB01023,P08235
DB01023,P02585
DB01023,P63316
DB01026,P50859
DB01026,P05093
DB01026,P10275
DB01026,P08686
DB01026,Q12809
DB01026,O75469
DB01026,Q14994
DB01032,Q4U2R8
DB01032,Q9NSA0
DB01032,Q8TCC7
DB01032,Q96RD7
DB01032,Q9NYV7
DB01035,Q12809
DB01035,Q14524
DB01035,P26358
DB01037,P27338
DB01037,P21397
DB01043,Q05586
DB01043,Q12879
DB01043,Q13224
DB01043,Q14957
DB01043,O15399
DB01043,Q8TCU5
DB01043,O60391
DB01043,P46098
DB01043,P36544
DB01043,P14416
DB01043,Q05586
DB01043,P14867
DB01043,P47869
DB01043,P34903
DB01043,P48169
DB01043,P31644
DB01043,Q16445
DB01043,P18505
DB01043,P47870
DB01043,P28472
DB01043,O14764
DB01043,P78334
DB01043,Q8N1C3
DB01043,P18507
DB01043,Q99928
DB01043,O00591
DB01043,Q9UN88
DB01043,P23415
DB01043,P23416
DB01043,O75311
DB01043,Q5JXX5
DB01043,P48167
DB01045,P0A8V2
DB01045,O75469
DB01050,P35354
DB01050,P23219
DB01050,P10415
DB01050,P07204
DB01050,P12104
DB01050,P37231
DB01050,P13569
DB01050,Q07869
DB01050,P07359
DB01050,P31151
DB01054,Q13936
DB01054,P54289
DB01054,Q08289
DB01054,Q01668
DB01054,Q13698
DB01054,Q9NY47
DB01054,O95180
DB01054,Q13936
DB01054,Q01668
DB01054,O60840
DB01054,Q13698
DB01054,Q02641
DB01054,Q08289
DB01054,P54284
DB01054,O00305
DB01054,O00555
DB01054,Q12791
DB01054,Q16558
DB01054,Q9Y691
DB01054,Q9NPA1
DB01054,Q86W47
DB01054,O15554
DB01054,Q92952
DB01054,Q9H2S1
DB01054,Q9UGI6
DB01059,P43700
DB01059,P43702
DB01059,P11388
DB01059,P20831
DB01059,P11388
DB01059,Q02880
DB01059,P0C1U9
DB01065,P48039
DB01065,P49286
DB01065,P03372
DB01065,Q92753
DB01065,P0DP23
DB01065,P05164
DB01065,P11678
DB01065,P27797
DB01065,P46597
DB01065,P16083
DB01069,P35367
DB01069,P14416
DB01069,P11229
DB01069,P08172
DB01069,P20309
DB01069,P08173
DB01069,P08912
DB01069,P35348
DB01069,P35368
DB01069,P25100
DB01069,P08913
DB01069,P18089
DB01069,P18825
DB01069,P0DP23
DB01069,P25021
DB01069,Q99677
DB01069,P43657
DB01069,P51575
DB01069,Q9UBL9
DB01069,P56373
DB01069,Q99571
DB01069,Q93086
DB01069,O15547
DB01069,Q99572
DB01069,P47900
DB01069,Q96G91
DB01069,Q9H244
DB01069,Q9BPV8
DB01069,Q15391
DB01069,P41231
DB01069,P51582
DB01069,Q86VZ1
DB01069,O00398
DB01069,P35498
DB01069,Q9Y5Y9
DB01069,Q9UI33
DB01069,Q99250
DB01069,Q9NY46
DB01069,P35499
DB01069,Q14524
DB01069,Q01118
DB01069,Q9UQD0
DB01069,Q15858
DB01069,Q09470
DB01069,Q16322
DB01069,P16389
DB01069,P22001
DB01069,P22459
DB01069,P22460
DB01069,P17658
DB01069,Q14721
DB01069,Q92953
DB01069,P48547
DB01069,Q96PR1
DB01069,Q14003
DB01069,Q03721
DB01069,Q9NSA2
DB01069,Q9NZV8
DB01069,Q9UK17
DB01069,P15382
DB01069,Q9Y6J6
DB01069,Q9Y6H6
DB01069,Q8WWG9
DB01069,Q9UJ90
DB01069,Q9H3M0
DB01069,Q9UIX4
DB01069,Q9UJ96
DB01069,Q8TAE7
DB01069,Q8TDN1
DB01069,O95259
DB01069,Q12809
DB01069,Q9ULD8
DB01069,Q9UQ05
DB01069,Q8NCM2
DB01069,Q9H252
DB01069,Q9NS40
DB01069,Q96L42
DB01069,P51787
DB01069,O43526
DB01069,O43525
DB01069,P56696
DB01069,Q9NR82
DB01069,Q96KK3
DB01069,Q9BQ31
DB01069,Q6PIU1
DB01069,Q8TDN2
DB01069,Q14722
DB01069,Q13303
DB01075,P35367
DB01075,P08172
DB01076,P04035
DB01076,P27487
DB01076,P35869
DB01076,Q92769
DB01076,Q14994
DB01092,P05023
DB01092,P50993
DB01092,P13637
DB01095,P04035
DB01095,Q92769
DB01097,Q02127
DB01097,P35869
DB01097,Q14289
DB01098,P04035
DB01098,P20701
DB01100,P14416
DB01100,P35462
DB01100,Q12809
DB01100,P0DP23
DB01103,O60733
DB01103,P47712
DB01103,Q15111
DB01104,P31645
DB01104,Q01959
DB01104,O00264
DB01104,Q99720
DB01104,P23975
DB01104,Q7RTT9
DB01110,P10613
DB01110,P29474
DB01110,P35228
DB01110,O75469
DB01110,Q12791
DB01110,Q16558
DB01110,Q9Y691
DB01110,Q9NPA1
DB01110,Q86W47
DB01110,O15554
DB01110,Q92952
DB01110,Q9H2S1
DB01110,Q9UGI6
DB01110,Q09470
DB01110,Q16322
DB01110,P16389
DB01110,P22001
DB01110,P22459
DB01110,P22460
DB01110,P17658
DB01110,Q14721
DB01110,Q92953
DB01110,P48547
DB01110,Q96PR1
DB01110,Q14003
DB01110,Q03721
DB01110,Q9NSA2
DB01110,Q9NZV8
DB01110,Q9UK17
DB01110,P15382
DB01110,Q9Y6J6
DB01110,Q9Y6H6
DB01110,Q8WWG9
DB01110,Q9UJ90
DB01110,Q9H3M0
DB01110,Q9UIX4
DB01110,Q9UJ96
DB01110,Q8TAE7
DB01110,Q8TDN1
DB01110,O95259
DB01110,Q12809
DB01110,Q9ULD8
DB01110,Q9UQ05
DB01110,Q8NCM2
DB01110,Q9H252
DB01110,Q9NS40
DB01110,Q96L42
DB01110,P51787
DB01110,O43526
DB01110,O43525
DB01110,P56696
DB01110,Q9NR82
DB01110,Q96KK3
DB01110,Q9BQ31
DB01110,Q6PIU1
DB01110,Q8TDN2
DB01110,Q14722
DB01110,Q13303
DB01110,Q14500
DB01110,Q9UNX9
DB01110,P63252
DB01110,P48050
DB01110,Q13936
DB01110,Q01668
DB01110,O60840
DB01110,Q13698
DB01110,Q02641
DB01110,Q08289
DB01110,P54284
DB01110,O00305
DB01114,P35367
DB01114,P31645
DB01114,P23975
DB01114,Q01959
DB01115,Q13936
DB01115,Q01668
DB01115,Q08289
DB01115,O75469
DB01115,P0DP23
DB01115,Q13698
DB01115,Q9UK17
DB01115,O43497
DB01115,O95180
DB01115,Q9P0X4
DB01118,Q12809
DB01118,Q9H252
DB01118,Q9NS40
DB01118,P08588
DB01118,P07550
DB01118,P13945
DB01118,Q9P0X4
DB01118,Q13936
DB01118,Q01668
DB01118,O60840
DB01118,Q13698
DB01118,Q02641
DB01118,Q08289
DB01118,P54284
DB01118,O00305
DB01118,P10827
DB01118,P10828
DB01118,P37231
DB01118,Q07869
DB01118,Q86YN6
DB01124,Q09428
DB01124,P48048
DB01132,P37231
DB01132,P27338
DB01136,P08588
DB01136,P35348
DB01136,P35348
DB01136,P35368
DB01136,P25100
DB01136,O95298
DB01136,P07550
DB01136,P15692
DB01136,P16860
DB01136,P17302
DB01136,Q12809
DB01136,P19320
DB01136,P25100
DB01136,P35368
DB01136,P18825
DB01136,P18089
DB01136,P08913
DB01136,P16581
DB01136,Q16665
DB01136,P48050
DB01136,P63252
DB01138,Q96S37
DB01138,P33527
DB01138,Q92887
DB01138,O75469
DB01142,P35367
DB01142,P25021
DB01142,P23975
DB01142,P31645
DB01142,P28223
DB01142,P41595
DB01142,P28335
DB01142,P11229
DB01142,P08172
DB01142,P20309
DB01142,P08173
DB01142,P08912
DB01142,P35348
DB01142,P35368
DB01142,P25100
DB01142,P08908
DB01142,P50406
DB01142,Q9H3N8
DB01142,Q12809
DB01149,P28223
DB01149,P28335
DB01149,P31645
DB01149,P08908
DB01149,P23975
DB01149,Q01959
DB01149,P35368
DB01149,P08913
DB01149,P35348
DB01149,Q12809
DB01151,P23975
DB01151,P31645
DB01151,P28223
DB01151,P07550
DB01151,P08588
DB01151,P17405
DB01151,P35367
DB01151,P35348
DB01151,P35368
DB01151,P25100
DB01151,P11229
DB01151,P08172
DB01151,P20309
DB01151,P08173
DB01151,P08912
DB01151,P08908
DB01151,P28335
DB01151,P14416
DB01151,P08913
DB01151,P18089
DB01151,P18825
DB01165,P43700
DB01165,P43702
DB01165,P11388
DB01167,P14263
DB01174,P14867
DB01174,P43681
DB01174,P36544
DB01174,P42262
DB01174,Q13002
DB01174,Q05586
DB01174,Q12879
DB01174,Q13224
DB01174,Q14957
DB01174,O15399
DB01174,Q8TCU5
DB01174,O60391
DB01174,O75469
DB01175,P31645
DB01175,P11229
DB01175,P35367
DB01175,P08908
DB01175,P28223
DB01175,P35348
DB01175,P35368
DB01175,P25100
DB01175,P28335
DB01175,P08913
DB01175,P18089
DB01175,P18825
DB01175,P14416
DB01175,P23975
DB01175,Q01959
DB01177,P11388
DB01182,Q14524
DB01182,Q12809
DB01182,P08588
DB01182,P07550
DB01183,P35372
DB01183,P41143
DB01183,P41145
DB01183,P16220
DB01183,P03372
DB01183,O00206
DB01183,P23141
DB01184,P35462
DB01184,P14416
DB01193,P08588
DB01193,P07550
DB01196,Q92731
DB01196,P03372
DB01196,P11137
DB01196,P78559
DB01200,P14416
DB01200,P35462
DB01200,P28221
DB01200,P08913
DB01200,P08908
DB01200,P18825
DB01200,P18089
DB01200,P41595
DB01200,P21917
DB01200,P28223
DB01200,P28222
DB01200,P28335
DB01200,P21918
DB01200,P21728
DB01200,P35348
DB01200,P35368
DB01200,P25100
DB01200,P34969
DB01204,P11388
DB01211,P0A7J6
DB01211,Q12809
DB01211,Q9Y6L6
DB01211,Q9NPD5
DB01212,P0A3M6
DB01212,Q9NSA0
DB01212,Q4U2R8
DB01212,Q8TCC7
DB01212,P46059
DB01221,Q8TCU5
DB01221,P46098
DB01221,P36544
DB01221,P06276
DB01221,P29475
DB01221,P25103
DB01221,P14416
DB01221,P41143
DB01221,P23975
DB01221,P41145
DB01221,P35372
DB01221,P11229
DB01221,P08172
DB01221,P20309
DB01221,P08173
DB01221,P08912
DB01221,P28223
DB01221,P41595
DB01221,P28335
DB01221,P08908
DB01221,P28222
DB01221,P28221
DB01221,P28566
DB01221,P30939
DB01224,P28223
DB01224,P14416
DB01224,P08908
DB01224,P28222
DB01224,P28221
DB01224,P28566
DB01224,P28335
DB01224,P46098
DB01224,P50406
DB01224,P34969
DB01224,P21728
DB01224,P21918
DB01224,P35462
DB01224,P21917
DB01224,P35367
DB01224,P35348
DB01224,P35368
DB01224,P25100
DB01224,P08913
DB01224,P18089
DB01224,P18825
DB01224,P11229
DB01224,P08172
DB01224,P20309
DB01224,P08173
DB01224,P08912
DB01229,Q9H4B7
DB01229,P10415
DB01229,P27816
DB01229,P11137
DB01229,P10636
DB01229,O75469
DB01234,P04150
DB01234,P51843
DB01234,P04083
DB01234,P35228
DB01234,O75469
DB01235,P21728
DB01235,P21918
DB01235,P14416
DB01235,P35462
DB01235,P21917
DB01241,Q07869
DB01241,Q9Y6L6
DB01241,Q8TCC7
DB01241,O94956
DB01241,Q9NPD5
DB01242,P31645
DB01242,P28223
DB01242,P41595
DB01242,P28335
DB01242,P23975
DB01242,P09211
DB01244,O00555
DB01244,O95180
DB01244,Q9NY47
DB01244,P05023
DB01244,P51787
DB01244,P63316
DB01244,P0DP23
DB01244,Q01064
DB01244,P54750
DB01244,Q12809
DB01248,Q9H4B7
DB01248,P11137
DB01248,P27816
DB01248,P10636
DB01248,P10415
DB01248,O75469
DB01254,P00519
DB01254,P12931
DB01254,P29317
DB01254,P06239
DB01254,P07947
DB01254,P10721
DB01254,P09619
DB01254,P51692
DB01254,P42684
DB01254,P06241
DB01254,Q06187
DB01254,Q92570
DB01254,P11274
DB01254,P41240
DB01254,P54756
DB01254,P54760
DB01254,P09769
DB01254,P42685
DB01254,P11142
DB01254,P07948
DB01254,Q9NYL2
DB01254,Q16539
DB01254,Q06203
DB01261,P27487
DB01268,P09619
DB01268,P17948
DB01268,P10721
DB01268,P35968
DB01268,P35916
DB01268,P36888
DB01268,P07333
DB01268,P16234
DB01268,P08581
DB01327,P02918
DB01327,P02919
DB01327,P76577
DB01327,P0AD65
DB01327,P0AD68
DB01327,P27169
DB01327,P40933
DB01327,P60568
DB01337,Q15822
DB01337,P08172
DB01337,P20309
DB01388,O43497
DB01388,O95180
DB01388,Q13936
DB01388,Q01668
DB01388,O60840
DB01388,Q9P0X4
DB01388,Q13698
DB01388,Q02641
DB01388,Q08289
DB01388,P54284
DB01388,O00305
DB01393,Q03181
DB01393,P37231
DB01393,Q07869
DB01393,O75469
DB01393,P19793
DB01393,P28702
DB01393,P48443
DB01394,P07437
DB01396,P05023
DB01400,P22303
DB01435,P35354
DB01435,P23219
DB01577,Q01959
DB01577,P31645
DB01577,P23975
DB01577,Q05940
DB01577,P54219
DB01577,Q96RJ0
DB01577,P08913
DB01577,P18089
DB01577,P18825
DB01577,P21397
DB01577,P27338
DB01580,P08588
DB01580,P13945
DB01580,P07550
DB01586,P52895
DB01586,Q96RI1
DB01595,P14867
DB01595,P47869
DB01595,P34903
DB01595,P48169
DB01595,P31644
DB01595,Q16445
DB01595,P18505
DB01595,P47870
DB01595,P28472
DB01595,O14764
DB01595,P78334
DB01595,Q8N1C3
DB01595,P18507
DB01595,Q99928
DB01595,O00591
DB01595,Q9UN88
DB01595,P14867
DB01595,P47869
DB01595,P34903
DB01595,P31644
DB01595,Q8N1C3
DB01595,P18507
DB01595,Q99928
DB01595,P35498
DB01623,P14416
DB01623,P21728
DB01623,P28223
DB01645,Q15788
DB01645,P03372
DB01645,Q15596
DB01645,O95718
DB01645,P11474
DB01645,O75469
DB01645,P31749
DB01645,Q99527
DB01645,Q16678
DB01645,P04278
DB01645,Q92731
DB01645,P11388
DB01645,Q14289
DB01645,P13569
DB03128,P11229
DB03128,P08172
DB03128,P20309
DB03128,P08173
DB03128,P36544
DB03783,P23219
DB04216,P48736
DB04216,Q6NUS8
DB04216,P25705
DB04216,P06576
DB04216,P36542
DB04216,P11309
DB04216,Q9AIU0
DB04216,Q6NVY1
DB04216,Q5G940
DB04216,O94768
DB04216,P03372
DB04216,Q92731
DB04216,P16083
DB04216,P35869
DB04216,Q16678
DB04216,P60709
DB04216,P68400
DB04216,P67870
DB04216,O00303
DB04216,P07900
DB04216,P54652
DB04216,Q9Y230
DB04216,Q15393
DB04216,P22314
DB04216,P04278
DB04216,P16152
DB04216,P17676
DB04216,O75469
DB04216,P08631
DB04557,Q07869
DB04557,Q96RI1
DB04557,P19793
DB04557,P23219
DB04557,P29498
