Disease,Protein
D000544,P01023
D006527,P01023
D020178,Q16613
D020167,Q9UDR5
D053609,P80404
D009123,P80404
D011596,P80404
D012021,P80404
D012640,P80404
D010523,O95477
D013631,O95477
D000544,Q8IZY2
D004827,P08183
D007024,P08183
D020258,P08183
D010300,P08183
D010302,P08183
D010523,P08183
D001259,O75027
D010523,P33527
D012640,Q92887
D013226,Q92887
D000326,P33897
D015211,P28288
D000544,Q9P2A4
D020521,P16442
D020391,P16112
D012640,P24752
D012640,P35610
D008607,Q9BR61
D000544,P12821
D002545,P12821
D002543,P12821
D005776,P12821
D020521,P12821
D000544,P22303
D007859,P22303
D008569,P22303
D009069,P22303
D009136,P22303
D012640,P22303
D014202,P22303
D020529,P25106
D004421,P60709
D006319,P60709
D009421,P60709
D009421,P63261
D000690,O94805
D013118,P00813
D018860,Q9NZK5
D000544,O14672
D000544,Q9UHI8
D010300,Q9NS39
D006948,Q08828
D006948,P40145
D015877,P18509
D020258,P18509
D011595,P18509
D012640,P18509
D002545,Q9UEY8
D020258,Q9UEY8
D002544,P00325
D008607,P55263
D006930,P35318
D002375,P30542
D020244,P30542
D002546,P30542
D013345,P30542
D006948,P29274
D009069,P29274
D012640,P29274
D007319,P29274
D014202,P29274
D020258,P35368
D012640,P35368
D004827,P08913
D008607,P18089
D015526,P07550
D018792,P07550
D014202,P07550
D005600,P51816
D020191,Q9Y4W6
D020754,Q9Y4W6
D006930,Q15109
D020244,Q15109
D020961,Q15109
D009437,Q15109
D059348,Q15109
D019636,Q9NRZ7
D020294,O00468
D002340,P01019
D002375,P01019
D006930,P01019
D019954,P01019
D012640,P01019
D010911,P30556
D038901,P50052
D006527,P23526
D002526,Q8N157
D008607,Q8N157
D021081,P35869
D020417,P35869
D000090862,O95831
D006930,P55008
D020961,P55008
D010300,P55008
D013345,P55008
D014277,P55008
D006816,O95831
D009103,O14862
D049913,O00170
D049913,Q9NWT8
D003638,P54819
D008569,P24588
D020261,Q99996
D004827,P31749
D008579,P31749
D009133,P31749
D013119,Q96B36
D054220,Q9Y243
D020263,P13716
D008579,P13716
D012640,P13716
D001927,P02768
D001927,Q8TES7
D001930,P02768
D001930,Q8TES7
D002545,P02768
D002545,Q8TES7
D004827,P02768
D004827,Q8TES7
D008582,P02768
D008582,Q8TES7
D009135,P02768
D009135,Q8TES7
D020521,P02768
D020521,Q8TES7
D007562,P00352
D020734,P00352
D008591,O94788
D020734,O94788
D010300,P05091
D065306,P30838
D001928,P51649
D020821,P51649
D008607,P51649
D009461,P51649
D004827,Q9NP73
D020294,Q96F25
D020294,O75340
D020294,Q9H553
D001932,Q9UM73
D056769,Q8TCU4
D006930,P18054
D010523,P18054
D006930,P09917
D020244,P09917
D000083242,P20292
D020258,P20292
D012640,P05186
D009436,O95076
D015417,Q9UHK6
D013119,Q9C0C7
D000544,Q9UKV5
D020078,Q9BXJ7
D001932,Q4VCS5
D018908,P23109
D009133,P23109
D009135,P23109
D020158,P48728
D020879,Q15389
D020521,Q01484
D013226,Q12955
D007806,Q8NFD2
D004827,Q6UB99
D006527,Q7Z6G8
D020754,Q9NW15
D004421,Q9BYT9
D003294,Q9BYT9
D006527,P08758
D008607,Q9UPM8
D008607,O00189
D008607,P25054
D001930,P27695
D012640,P27695
D000544,Q8WW43
D020521,P02647
D000544,P02654
D018476,P05090
D007859,P05090
D019636,P05090
D000544,P02649
D002340,P02649
D016893,P02649
D016657,P02649
D034381,P02649
D006527,P02649
D009103,P02649
D020529,P02649
D019954,P02649
D012618,P02649
D012640,P02649
D000544,P05067
D000647,P05067
D017772,P05067
D001927,P05067
D016657,P05067
D003704,P05067
D005600,P05067
D007859,P05067
D008569,P05067
D019636,P05067
D020078,P05067
D010243,P05067
D013118,P05067
D019636,Q9UKG1
D013119,P29972
D009471,P55087
D013119,P55087
D013226,P55087
D020261,O14520
D020261,O43315
D020267,O14520
D020267,O43315
D000544,O60936
D000544,Q7LC44
D009069,O60936
D009069,Q7LC44
D001259,P48444
D020162,P05089
D009135,P05089
D020221,P78540
D038901,O43307
D004827,Q8NFD5
D008607,Q8N8R7
D007966,O43681
D007966,P15289
D020261,Q9HBK9
D055577,Q13510
D008607,Q8N3C0
D008607,P50553
D001930,P78348
D002545,P78348
D056807,P04424
D006527,P46597
D017825,P45381
D020159,P00966
D001930,O14525
D020326,O75129
D004827,Q9C0F0
D020244,P18847
D010523,P18847
D013119,P18848
D006816,Q9Y2D1
D003117,P18850
D007562,P18850
D020417,P18850
D020795,P18850
D012608,P18850
D053609,Q9H1Y0
D013119,Q9H1Y0
D053609,O95352
D001766,P31939
D001260,Q13315
D020191,P54259
D020149,Q9NQ11
D009472,Q9NQ11
D010300,Q9NQ11
D010302,Q9NQ11
D020734,Q9NQ11
D004421,P13637
D020734,P13637
D013226,P16615
D000544,P25705
D029242,P00846
D001259,Q04656
D007706,Q04656
D009461,Q04656
D010243,Q04656
D012640,Q04656
D014202,Q04656
D006527,P35670
D038901,P46100
D019636,P54253
D020754,P54253
D020754,P0C7T5
D000690,Q99700
D020754,Q99700
D017827,P54252
D020261,O15265
D020234,O15265
D009069,O15265
D012021,O15265
D020754,O15265
D014786,O15265
D010523,O14965
D004827,Q8WXX7
D000647,P01185
D006930,P01185
D007177,P01185
D008569,P01185
D012791,P01185
D018318,P30530
D058494,Q8NCR0
D058494,O43505
D000544,P56817
D002546,Q92934
D010300,Q9UL15
D016543,Q92560
D016543,Q96QZ7
D016543,Q99496
D008579,Q92560
D008579,Q96QZ7
D008579,Q99496
D000544,Q07812
D002543,Q07812
D018980,Q9UIG0
D002545,Q96PG8
D002545,Q9BXH1
D008607,Q8IWZ6
D008375,O15382
D000544,P06276
D004830,P06276
D005207,P06276
D006948,P06276
D009103,P06276
D009136,P06276
D020258,P06276
D010243,P06276
D010291,P06276
D010302,P06276
D012640,P06276
D012891,P06276
D014313,P06276
D008375,P12694
D008375,P21953
D001072,Q9H165
D007805,Q9H165
D000544,P10415
D002543,P10415
D007859,P10415
D008569,P10415
D002543,Q07817
D034381,Q07817
D020258,Q07817
D004833,P46663
D006930,P46663
D004833,P30411
D006930,P30411
D000544,P23560
D001930,P23560
D002545,P23560
D003638,P23560
D004827,P23560
D004830,P23560
D008607,P23560
D010300,P23560
D012640,P23560
D013226,P23560
D001930,Q14457
D020961,Q14457
D013119,Q14457
D013226,Q14457
D020178,O14503
D012893,Q9C0J9
D006527,Q93088
D009436,Q93088
D000544,O00499
D020914,O00499
D020162,O00327
D049913,P12644
D015175,P12644
D020149,Q12983
D003635,O60885
D010300,Q10588
D012148,Q96Q07
D008831,O60566
D008607,Q99622
D003882,P06681
D020244,P01024
D002546,P01024
D008581,P07357
D008581,P07358
D003882,P02748
D008585,P02748
D000690,Q96LT7
D057174,Q96LT7
D008607,P35219
D001259,O00555
D004832,O00555
D020325,O00555
D020754,O00555
D010523,Q00975
D011595,Q13936
D003638,Q01668
D008607,O43497
D020754,O43497
D004832,O95180
D006930,O95180
D010523,O95180
D020514,Q13698
D006930,P54289
D009437,P54289
D001259,Q9NY47
D002819,Q9NY47
D004832,Q9NY47
D034381,Q9NY47
D001259,O00305
D004829,O00305
D020190,O00305
D002375,P01258
D002375,P06881
D004314,P01258
D004314,P06881
D006930,P01258
D006930,P06881
D006948,P01258
D006948,P06881
D008607,P01258
D008607,P06881
D008881,P01258
D008881,P06881
D020326,P01258
D020326,P06881
D020078,P01258
D020078,P06881
D020426,P01258
D020426,P06881
D014277,P01258
D014277,P06881
D008881,P10092
D000544,P0DP23
D008569,Q9NYX4
D000690,Q96NX5
D006527,Q9UQM7
D006930,Q9UQM7
D007859,Q7Z624
D017240,Q7Z624
D018908,Q7Z624
D009902,P07384
D008607,Q9HC96
D006930,Q16568
D002526,O14936
D002526,P07498
D038901,O14936
D038901,P07498
D008831,O14936
D008831,P07498
D009103,P29466
D013226,P29466
D008607,P42575
D000544,P42574
D002545,P42574
D002543,P42574
D003929,P42574
D020258,P42574
D013119,P42574
D013226,P42574
D013345,P42574
D002543,Q14790
D013226,Q14790
D002545,P55211
D002546,P55211
D010523,P55211
D000544,Q9NQ75
D020521,Q86V15
D002545,P04040
D002545,Q6IB77
D003929,P04040
D003929,Q6IB77
D004409,P04040
D004409,Q6IB77
D012640,P04040
D012640,Q6IB77
D013226,P04040
D013226,Q6IB77
D049288,P56539
D004681,Q13191
D009103,Q13191
D006712,P35520
D008607,Q6UXH8
D000544,Q16204
D020914,A2IDD5
D006849,Q9P219
D020754,Q9P219
D002375,P06307
D004409,P06307
D006948,P06307
D019954,P06307
D020258,P06307
D012640,P06307
D014474,P06307
D006930,P32239
D002545,P51671
D001930,P13500
D002545,P13500
D002340,P13500
D006930,P13500
D020244,P13500
D020388,P13500
D009436,P13500
D013117,P13500
D016135,P13500
D013226,P13500
D020261,P78556
D009103,P78556
D002545,P10147
D013226,P10147
D020261,P16619
D020261,P13236
D002545,P13236
D020244,P80098
D020786,Q9BSQ5
D008607,P20248
D001932,P24385
D006623,P24385
D006849,P30279
D058627,P30279
D013226,O00590
D013226,P46092
D013226,P41597
D013226,P51677
D002545,P51679
D002545,Q9UK39
D002545,Q9ULM6
D014901,P51681
D013226,P32248
D013226,P51685
D013226,P51686
D020261,O00421
D001930,P08571
D002340,Q86VB7
D000544,Q9Y5K6
D000544,P20138
D020258,P04234
D020388,P01730
D009103,P25942
D013226,P25942
D000690,P29965
D020261,P16070
D009103,P16070
D009103,P19256
D009103,P30203
D020261,Q01151
D009103,P40200
D003638,Q9UNH5
D013226,P19022
D009103,Q00537
D001932,P11802
D020295,P11802
D024801,Q00535
D001927,Q15078
D020295,Q00534
D020521,Q00534
D017204,O76039
D004827,O76039
D015518,O76039
D012640,O76039
D020391,P38936
D010911,P46527
D001932,P42771
D001932,Q8N726
D020295,P42771
D020295,Q8N726
D018317,P42771
D018317,Q8N726
D010523,P42771
D010523,Q8N726
D010300,P40199
D001930,P17676
D002545,P17676
D015175,P49716
D009436,Q9BXF3
D020788,O15078
D008831,Q96MT8
D020191,P27544
D004827,Q9Y5P4
D001930,P02795
D001930,P23141
D000690,O43822
D006850,Q8NDM7
D001930,P00751
D009157,P00751
D016135,P23528
D008585,P27918
D006429,P01215
D012640,P28329
D008569,O14646
D004827,O14647
D020191,O14647
D058747,Q9P2D1
D008607,Q9HCK8
D058627,Q9HCK8
D005776,Q13231
D016135,P35790
D009290,Q9Y259
D008607,O00533
D008607,Q96FC9
D000690,Q9UQN3
D057180,Q9UQN3
D057174,Q9UQN3
D004370,P15882
D010300,Q99653
D002545,P11229
D004827,P11229
D008569,P11229
D012640,P11229
D001930,P08172
D003929,P08172
D004827,P08172
D001750,P08172
D002389,P08173
D014202,P08173
D012640,P32297
D004421,P43681
D017034,P43681
D012640,P43681
D012893,P43681
D012640,P30532
D000544,P36544
D001308,P36544
D001930,P36544
D004829,P36544
D008569,P36544
D019954,P36544
D012640,P36544
D016137,P36544
D020294,P11230
D000544,P17787
D017034,P17787
D012021,P17787
D012893,P17787
D012640,P30926
D020294,Q07001
D010243,Q07001
D020294,P07510
D009123,Q8NCH0
D008607,Q96RK0
D020754,Q96RK0
D020268,Q14011
D020078,Q14011
D009133,Q99967
D004421,Q9ULV3
D009224,P35523
D009103,O75508
D003638,O95500
D016893,Q9Y240
D009103,Q2KHT3
D001930,Q9ULY5
D009472,Q13286
D020191,Q9NWW5
D009472,Q9NWW5
D014786,Q9NWW5
D009472,Q9UBY8
D000544,P10909
D012640,P10909
D009103,Q9Y471
D009223,P62633
D008607,Q96KN2
D009461,Q96KN2
D003117,Q16281
D003117,Q9NQW8
D008607,Q969H4
D012640,Q9H8M5
D013746,Q9H8M5
D002375,P21554
D004833,P21554
D006816,P21554
D006930,P21554
D008569,P21554
D009069,P21554
D009103,P21554
D009128,P21554
D012640,P21554
D013226,P21554
D002375,P34972
D006930,P34972
D010302,P34972
D002543,P26441
D004827,Q9UHC6
D006948,Q9UHC6
D007805,Q9UHC6
D010300,Q9UHC6
D013342,Q9UHC6
D006319,P13942
D020294,Q5TAT6
D008607,P39060
D010300,Q14993
D006319,P02458
D020391,P02461
D002543,P02462
D059345,P02462
D056784,P02462
D065708,P02462
D065707,P02462
D002543,P08572
D065708,P08572
D009136,P12109
D004421,P12111
D006319,P20849
D006930,P21964
D008569,P21964
D019578,Q96H96
D008607,Q5HYK3
D017241,P23219
D017241,P00403
D017241,P35354
D001259,P00450
D001927,P00450
D003704,P00450
D020820,P00450
D006527,P00450
D007706,P00450
D010300,P00450
D007562,A4D0V7
D020165,P31327
D003128,P31327
D009290,Q92523
D010523,Q8TCG5
D001928,P23786
D009135,P23786
D000544,P17927
D009421,Q96SW2
D012415,Q92793
D000544,P06850
D009069,P06850
D010899,P06850
D011596,P06850
D012640,P06850
D013036,P06850
D013226,P06850
D006930,P34998
D006948,P34998
D016142,P13385
D020258,Q9H0B8
D009436,P16152
D009436,Q9BZJ0
D009436,Q9Y5Q5
D020261,P02741
D002561,P02741
D008581,P02741
D006849,A4D126
D009135,A4D126
D058494,A4D126
D020178,Q16526
D019636,P02511
D056784,P07333
D000647,P04141
D018908,P04141
D009436,P04141
D001930,P09919
D018908,P09919
D009135,P09919
D010523,P09919
D020886,P09919
D006930,P41240
D000544,P01034
D028243,P01034
D008579,P01034
D008579,P04080
D020194,P04080
D001927,Q2NKJ3
D010523,P16410
D054082,P26232
D009133,P35222
D009135,P07858
D008579,P07711
D020754,Q69YN2
D001930,P02778
D002545,P02778
D002561,P02778
D020261,P19875
D020244,P19875
D020261,P19876
D004314,P10145
D006527,P10145
D006930,P10145
D051474,P10145
D016893,Q07325
D001927,P25025
D020244,P25025
D009437,P25025
D020521,P49682
D009437,P61073
D000090862,P13498
D020520,P04839
D000090862,P04839
D002545,P99999
D002546,P99999
D020271,Q8WWM9
D012640,P05108
D007018,P05093
D009437,P05093
D007018,P11511
D009436,P05177
D017285,O15528
D001927,P11509
D010523,P10632
D001932,P11712
D000544,P10635
D001480,P10635
D003128,P10635
D004421,P10635
D004830,P10635
D020149,P10635
D009127,P10635
D010300,P10635
D014202,P10635
D010300,P05181
D020258,P20815
D000544,Q9Y6A2
D015419,O75881
D017241,P00156
D029242,P00156
D058494,Q14118
D001932,P53355
D010523,P53355
D000690,Q9UK59
D008375,P11182
D061085,P43146
D008607,P43146
D020391,P07585
D020734,Q14203
D054221,O43602
D010300,P20711
D020734,P20711
D013119,P0DPQ6
D013119,P35638
D010300,Q9NX09
D001259,Q99489
D004827,O00571
D008607,O75398
D010300,P12838
D049288,P17661
D000544,Q15392
D002545,Q9NR28
D006816,Q9NR28
D038901,Q9H7Y0
D006948,Q9NRI5
D008607,Q9NRI5
D038901,Q13368
D038901,Q92796
D018980,P78352
D018980,Q15334
D001932,O00548
D001259,P11532
D018908,P11532
D009136,P11532
D020388,P11532
D013226,P11532
D009222,Q09013
D009223,Q09013
D004410,Q8WXU2
D049288,O75190
D004827,Q05193
D008831,O00429
D017237,O00429
D009896,O00429
D010300,O00429
D020914,P50570
D003704,P26358
D034381,P26358
D009477,P26358
D008607,Q9Y6K1
D008831,Q9Y6K1
D008607,Q8NF50
D008831,Q9NYP3
D020294,Q9H3H5
D000690,P42658
D007805,Q12882
D056784,Q12882
D010523,Q12882
D000544,Q16555
D010300,Q8NBI3
D002375,P21728
D004409,P21728
D006948,P21728
D009069,P21728
D010300,P21728
D012640,P21728
D001480,P14416
D002375,P14416
D004409,P14416
D020820,P14416
D006948,P14416
D006966,P14416
D007806,P14416
D008569,P14416
D009069,P14416
D010300,P14416
D020734,P14416
D010911,P14416
D012640,P14416
D001480,P35462
D004409,P35462
D006930,P35462
D006948,P35462
D009069,P35462
D012640,P35462
D005879,P35462
D013981,P21917
D001932,Q86UW9
D009103,Q4G0W2
D020391,Q9UBX2
D008607,Q14204
D054220,Q14204
D008831,Q14204
D014897,Q14204
D010523,O14576
D002545,P63167
D004827,Q13627
D001342,P42892
D007888,P30084
D002561,P05305
D006930,P05305
D020244,P05305
D020961,P05305
D010300,P05305
D020521,P05305
D013345,P05305
D020181,P25101
D020521,P25101
D013345,P24530
D018317,O75530
D004827,Q05639
D008607,P24534
D004832,Q5JVL4
D020190,Q5JVL4
D020258,Q9GZT9
D002545,P18146
D015417,P11161
D015518,P11161
D001259,Q06889
D013226,P19525
D013226,Q9NZJ5
D013494,Q9NZJ5
D009135,Q9P2K8
D000544,P05198
D013226,P05198
D020391,P15502
D018980,P15502
D020754,Q9NYP7
D004402,O95163
D008607,Q6IA86
D020389,P50402
D001932,Q9HC35
D013651,P19622
D000544,P06733
D020961,P09104
D010300,P09104
D008607,P49961
D020274,O95936
D012415,Q09472
D000544,P21709
D020192,B3EWF7
D020192,O95278
D020191,B3EWF7
D020191,O95278
D001930,P01588
D001930,P11678
D002493,P01588
D002493,P11678
D004681,P01588
D004681,P11678
D019636,P01588
D019636,P11678
D011115,P01588
D011115,P11678
D013226,P01588
D013226,P11678
D000690,Q15303
D020261,P07992
D010523,P07992
D020261,P19447
D010523,P19447
D020261,Q92889
D010523,Q92889
D003057,P0DP91
D003057,Q03468
D034381,P0DP91
D034381,Q03468
D008831,P0DP91
D008831,Q03468
D011596,P0DP91
D011596,Q03468
D000690,Q5T890
D003057,Q13216
D001139,P50548
D007805,P50548
D008607,O94905
D054091,Q5T6L9
D004681,O75460
D004827,O75460
D009103,O75460
D003638,B1AK53
D000544,P03372
D008881,P03372
D000690,P11474
D006314,Q99502
D000544,P00734
D002545,P00734
D020244,P00734
D000083242,P00734
D012851,P00734
D020521,P00734
D002545,P12259
D000083242,P12259
D020225,P12259
D020521,P12259
D002543,P08709
D020199,P08709
D020300,P08709
D020198,P08709
D006816,O00519
D006816,Q7L5A8
D012640,O00519
D012640,Q7L5A8
D009135,P05413
D006319,Q13158
D020176,P16930
D009157,P25445
D009157,P49327
D013651,P25445
D013651,P49327
D002340,P48023
D009103,P48023
D008607,P49327
D010300,P09467
D009133,Q969P5
D004660,P06734
D010300,P06734
D020945,P08637
D020945,O75015
D017240,Q6P4F2
D000090862,O15552
D000090862,O14843
D020521,P02671
D010300,P02675
D038901,P98174
D009421,P98174
D020520,P09038
D001930,P09038
D004830,P09038
D012640,P09038
D020244,Q9NSA1
D006319,P11487
D008607,P21802
D016135,P21802
D000083143,Q13642
D008881,Q5TD97
D002607,Q92562
D001932,Q86VR8
D019954,Q13451
D018908,Q9H9S5
D009136,Q9H9S5
D058494,Q9H9S5
D009136,O75072
D058494,O75072
D004827,P21333
D054091,P21333
D002543,P17948
D010302,Q96HJ9
D005600,Q06787
D008607,Q06787
D020739,P15328
D004827,P15328
D008607,P15328
D009069,P15328
D009436,P15328
D011596,P15328
D009436,P14207
D001930,P01100
D004827,P01100
D006930,P01100
D006948,P01100
D020244,P01100
D020258,P01100
D012640,P01100
D013226,P01100
D014277,P01100
D004409,P53539
D004827,P53539
D009069,P53539
D003616,Q12948
D020754,Q12948
D020521,Q12947
D055673,P55316
D004827,P55316
D008607,P55316
D008831,P55316
D012640,P55316
D004681,O43524
D001072,O15409
D007805,O15409
D018317,Q6PJQ5
D017237,Q96CU9
D008607,Q5TBA9
D014854,P01225
D009133,P19883
D019636,P02794
D020271,P02792
D005645,P04066
D000690,P35637
D009436,Q9BT04
D005621,Q16595
D019954,Q16595
D002375,P06241
D006009,P10253
D006948,Q9UBS5
D001259,P14867
D020329,P14867
D006501,P14867
D020190,P14867
D012640,P14867
D001259,P48169
D008569,P31644
D012640,P31644
D020244,Q16445
D006501,P18505
D004827,P47870
D017204,P28472
D001930,P28472
D004827,P28472
D004832,P28472
D007319,P28472
D006501,P18507
D003294,P18507
D001930,Q99928
D020258,P28476
D004409,Q99259
D006966,Q99259
D012640,Q05329
D020261,O75293
D010300,O14976
D006930,P22466
D006930,Q8N6F7
D009437,P22466
D009437,Q8N6F7
D007965,P54803
D005693,Q14376
D005693,P51570
D005693,P07902
D008607,Q14353
D012640,Q14353
D056768,Q9H2C0
D010523,Q9H2C0
D013226,P17677
D020734,P04406
D000544,O14556
D016142,P54826
D004314,P15976
D005776,P04062
D020961,P04062
D010300,P04062
D020734,P04062
D006501,P02774
D006501,P04062
D006501,P38435
D009103,P02774
D009103,P04062
D009103,P38435
D002375,P01275
D003128,P01275
D006948,P01275
D013035,P01275
D013651,P01275
D004409,P30793
D004421,P30793
D018476,P30793
D009127,P30793
D038901,P31150
D004409,P39905
D006816,P39905
D006930,P39905
D019636,P39905
D009461,P39905
D010300,P39905
D010302,P39905
D020734,P39905
D013226,P39905
D038261,P14136
D000690,P14136
D004827,P14136
D006930,P14136
D020961,P14136
D009471,P14136
D010300,P14136
D010523,P14136
D016137,P14136
D014277,P14136
D020754,Q99684
D009135,Q06210
D020294,Q06210
D009437,P56159
D000172,P01241
D049912,P01241
D009133,P01241
D010911,P01241
D009436,Q9UBU3
D012640,Q9UBU3
D006948,Q9Y2X7
D008569,Q9Y2X7
D006930,P17302
D003638,P29033
D006319,P29033
D003638,O75712
D006319,O75712
D010523,O75712
D010523,A6NN92
D010523,Q8NFK1
D000795,P06280
D000795,Q9UHE5
D016537,P16278
D020158,P23378
D010523,P08151
D016142,P10070
D009436,P10071
D054975,P10071
D020821,P23415
D020739,P15104
D006501,P15104
D049290,P17900
D058494,Q9Y5P6
D000647,P63096
D000647,P08754
D004421,P38405
D020821,P38405
D004827,P09471
D013341,P50148
D000172,O95467
D000172,P63092
D000172,P84996
D000172,Q5JWF2
D049912,O95467
D049912,P63092
D049912,P84996
D049912,Q5JWF2
D008607,O95467
D008607,P63092
D008607,P84996
D008607,Q5JWF2
D003117,P19087
D012640,P16520
D018979,Q9Y223
D029461,Q9Y223
D006966,P01148
D020261,Q13439
D008607,Q3T8J9
D020191,O14653
D006930,Q99527
D049912,Q96P66
D020520,Q13304
D002545,P07203
D004827,P07203
D010300,P07203
D019636,P22352
D009436,Q8TE85
D006948,P42261
D007859,P42261
D000857,P42261
D006948,P42262
D000857,P42262
D013226,P42262
D020754,O43424
D012640,P39086
D006930,Q05586
D014277,Q05586
D004827,Q12879
D019305,Q12879
D018887,Q12879
D007805,Q12879
D013064,Q12879
D004827,Q13224
D006930,Q13224
D008607,Q13224
D009437,Q15835
D004827,Q13255
D004833,Q13255
D020754,Q13255
D013226,Q13255
D004833,Q14416
D004833,Q14832
D004833,Q14833
D003929,P41594
D004833,P41594
D009437,P41594
D013226,P41594
D001930,O00222
D003704,P28799
D057180,P28799
D057174,P28799
D000647,P07492
D000647,Q3ZCW2
D008569,P30550
D034381,O60443
D000544,P49841
D001930,P49841
D009133,P49841
D024801,P49841
D000690,P00390
D019636,P00390
D020734,P00390
D010300,O15217
D019636,P09488
D010300,P09488
D004314,P28161
D019636,P28161
D019636,Q03013
D019636,P46439
D019636,P78417
D000690,P09211
D002340,P09211
D020329,P09211
D010300,P09211
D010523,P09211
D020391,P0CG29
D020391,P0CG30
D018980,P78347
D018980,Q9UHL9
D018908,P46976
D008607,Q16695
D008607,P62805
D008607,P62805
D008831,P62805
D007562,P62805
D006527,P81172
D002544,P69905
D004830,Q99075
D010300,P69891
D000090862,P49019
D001259,O60741
D004827,O60741
D012640,O60741
D019636,O43612
D009290,O43614
D008607,P56524
D020521,Q9UKV0
D005879,P19113
D005879,Q9UBI9
D011218,O95714
D008579,A0A0B4J2D5
D008579,Q14469
D001932,Q5TA89
D008607,P06865
D013661,P06865
D012497,P07686
D000544,Q30201
D010300,Q30201
D003929,P14210
D010300,P14210
D002545,Q16665
D020925,Q16665
D013119,Q16665
D020386,P49773
D009135,P49773
D003882,P01889
D009157,P01889
D008569,P04440
D009103,P04440
D009157,P04440
D016603,P01909
D007562,P01920
D009103,P01920
D009290,P01920
D009103,P01903
D010300,P01903
D016603,P01911
D009103,P01911
D009290,P01911
D000544,Q30154
D010300,Q30154
D006930,P09429
D009437,P09429
D054078,P04035
D009135,P04035
D000326,P09601
D000544,P09601
D002340,P09601
D002543,P09601
D007859,P09601
D019636,P09601
D010300,P09601
D013226,P09601
D002543,P30519
D020325,P30519
D004827,Q00839
D004409,Q86YM7
D006212,Q86YM7
D009421,P49639
D009421,P14653
D006930,Q9GZZ0
D002607,P28358
D020176,P32754
D007926,P00492
D001932,P01112
D054220,P01112
D054000,P01112
D000647,Q9Y5N1
D008569,Q9Y5N1
D013036,P51659
D015211,P51659
D001930,P0DMV8
D010300,P0DMV8
D020261,P0DMV9
D020391,P0DMV9
D020391,P34932
D010300,P38646
D013226,P04792
D020244,P10809
D007859,P08908
D008569,P08908
D012640,P08908
D014202,P08908
D012640,P28222
D008881,P30939
D001480,P28223
D020820,P28223
D006212,P28223
D006930,P28223
D006948,P28223
D008569,P28223
D008881,P28223
D006948,P28335
D009437,P28335
D009135,O95264
D020521,Q13639
D008569,P50406
D007859,P34969
D008569,P34969
D009135,P34969
D012893,P34969
D046589,Q92743
D002546,O43464
D020734,O43464
D006816,P31645
D006816,P42858
D020149,P31645
D020149,P42858
D009069,P31645
D009069,P42858
D008607,Q9BYI3
D006849,Q4G0P3
D000070642,P05362
D002545,P05362
D020244,P05362
D009103,P05362
D010523,P05362
D020521,P05362
D020261,Q02363
D000544,P14735
D002493,P48735
D012640,P48735
D019636,P14902
D016532,P22304
D020261,P46695
D008580,P01563
D018917,P01563
D014012,P01563
D014607,P01563
D001927,P01574
D009103,P01574
D012640,P01574
D000326,P01579
D001927,P01579
D020149,P01579
D009103,P01579
D009436,P01579
D014402,P01579
D001930,Q8IZI9
D006849,Q9HBG6
D000172,P05019
D000544,P05019
D003711,P05019
D006930,P05019
D020244,P05019
D009133,P05019
D010523,P05019
D010911,P05019
D000544,P08069
D020961,P08069
D010300,P08069
D010523,P08069
D000544,P01344
D020961,P01344
D008569,P01344
D010300,P01344
D020261,Q9Y6M1
D000544,P11717
D020961,P11717
D010300,P11717
D009220,P01857
D009220,P01859
D009220,P01834
D001930,P22301
D006527,P22301
D006930,P22301
D009103,P22301
D002545,Q08334
D020244,P20809
D009103,P29459
D009437,P29460
D002545,P42701
D001930,Q99665
D001930,Q14627
D002545,Q16552
D002493,Q16552
D002561,Q16552
D020267,Q16552
D009103,Q16552
D002545,Q96F46
D001930,Q8NFM7
D002545,Q14116
D001930,Q13478
D000647,P01583
D020261,P01583
D001930,P01583
D002545,P01583
D003882,P01583
D006930,P01583
D007625,P01583
D017241,P01583
D017243,P01583
D017240,P01583
D017246,P01583
D029242,P01583
D017285,P01583
D000544,P01584
D020261,P01584
D001930,P01584
D000070642,P01584
D002545,P01584
D003882,P01584
D006930,P01584
D020244,P01584
D007625,P01584
D007859,P01584
D053609,P01584
D020149,P01584
D017241,P01584
D008569,P01584
D017243,P01584
D017240,P01584
D009103,P01584
D009135,P01584
D000090862,P01584
D017246,P01584
D029242,P01584
D017285,P01584
D012640,P01584
D012893,P01584
D020521,P01584
D013345,P01584
D014277,P01584
D001930,P14778
D038901,Q9NZN1
D020261,P18510
D001930,P18510
D002545,P18510
D002561,P18510
D006930,P18510
D007859,P18510
D009103,P18510
D009220,P18510
D013226,P18510
D020521,P18510
D000647,P60568
D001930,P60568
D001932,P60568
D006948,P60568
D020244,Q9GZX6
D009103,P01589
D001930,Q8NI17
D000647,P05231
D001930,P05231
D002545,P05231
D006527,P05231
D006930,P05231
D020244,P05231
D002538,P05231
D008582,P05231
D017240,P05231
D019636,P05231
D010300,P05231
D010523,P05231
D017285,P05231
D012640,P05231
D020521,P05231
D013345,P05231
D020244,P40189
D001930,P13232
D009103,P13232
D009103,P16871
D001930,Q01113
D004827,Q13418
D002546,Q13418
D012640,P29218
D003294,O14732
D008607,Q96PE3
D020261,Q14642
D000544,Q92835
D008607,Q10713
D008607,Q9NRR6
D000544,P01308
D020961,P01308
D008569,P01308
D020267,P01308
D009135,P01308
D009436,P01308
D010243,P01308
D010292,P01308
D010300,P01308
D012640,P01308
D000544,P06213
D003929,P06213
D006930,P06213
D020961,P06213
D010300,P06213
D006816,Q9UHH9
D000544,Q8N0W5
D001932,P46940
D001932,Q13576
D004827,Q5JU85
D038901,Q5JU85
D020925,P51617
D020925,Q9NWZ3
D001930,P10914
D020521,P10914
D020803,Q14653
D009103,Q02556
D006319,P78411
D006930,P17301
D002341,P08514
D002543,P08514
D020521,P08514
D020945,P11215
D002543,P06756
D020521,P06756
D000070642,P05556
D001932,P05107
D002341,P05106
D002543,P05106
D020521,P05106
D002534,Q14643
D002534,Q14571
D003638,P78504
D009103,Q92833
D004832,O75564
D004829,O75564
D020190,O75564
D001930,P05412
D002545,P05412
D020262,P05412
D010523,P05412
D013226,P05412
D020244,P17275
D013226,P17275
D013226,P17535
D008607,Q7Z3B3
D009123,Q7Z3B3
D008607,P16389
D007805,P16389
D012640,P16389
D004827,Q13303
D020191,P48547
D004833,Q03721
D006317,P15382
D004827,O95259
D009133,Q12809
D009103,P78508
D012640,Q14654
D020261,P63252
D010300,P48050
D020521,O14649
D013226,O95279
D004832,Q9NPC2
D013226,Q12791
D006317,P51787
D001927,O43526
D004827,O43526
D020936,O43526
D012640,O43526
D006317,P56696
D004828,Q5JUK3
D017034,Q5JUK3
D008607,P29375
D008607,P41229
D008607,O15054
D002543,P35968
D004833,P35968
D009103,O60333
D054220,O00139
D008831,O00139
D054220,O60282
D008831,O60282
D055673,Q2M1P5
D008607,Q2M1P5
D008607,Q96EK5
D054220,Q96EK5
D008831,Q96EK5
D007859,Q9UEF7
D008569,Q9UEF7
D009103,Q8WZ60
D002341,P03952
D007562,P26717
D004421,Q9UMN6
D020821,Q9UMN6
D006930,P01042
D006941,P01042
D002538,P01116
D054000,P01116
D020786,O00522
D020261,P13645
D007562,Q86Y46
D010300,P29622
D019636,Q16719
D001037,P32004
D020233,P32004
D004827,Q9H9P8
D008607,Q9H9P8
D009421,Q9H9P8
D000070642,P25391
D008607,P25391
D009136,P24043
D054082,P07942
D020879,P11047
D001927,Q9Y6N6
D052120,P13473
D013226,P13473
D058494,O95461
D008607,Q4G0J3
D020258,O43561
D001766,Q86VQ0
D000544,P41159
D012640,P41159
D003929,O15243
D003929,P48357
D006930,O15243
D006930,P48357
D010900,O15243
D010900,P48357
D008607,O95202
D009123,O95202
D012640,O95202
D006966,P01229
D020329,Q96FE5
D008607,Q8NG48
D052556,P38571
D006816,Q15831
D049288,P02545
D020389,P02545
D020371,P20700
D020191,Q03252
D034381,Q8TE12
D007319,O60663
D008569,Q9UIQ6
D006527,P28300
D006527,Q9Y4K0
D000083242,P08519
D020521,P08519
D000857,Q92633
D029242,O95237
D020521,Q9Y2L9
D008881,Q07954
D020326,Q07954
D039141,Q9Y561
D006319,P98164
D020294,O75096
D003638,Q96E66
D009103,Q8TDW0
D010300,Q5S007
D020734,Q5S007
D011596,Q5S007
D002607,Q6UWE0
D001930,Q9H089
D006501,P01374
D020391,P51884
D001930,O95711
D004370,Q9Y5Q3
D020961,P20916
D010300,P20916
D011218,Q9UJ55
D008569,Q86UL8
D019954,Q86UL8
D008607,Q9UKM7
D006501,P21397
D006816,P21397
D038901,P21397
D009135,P21397
D010300,P21397
D000544,P27338
D006501,P27338
D006816,P27338
D010300,P27338
D013119,Q9GZQ8
D020961,P11137
D010300,P11137
D002545,Q02750
D010300,Q99683
D006948,Q96JE9
D002545,P28482
D006930,P28482
D014277,P28482
D002545,P27361
D006930,P27361
D014277,P27361
D006930,Q13164
D006930,P45983
D014277,P45983
D006930,P45984
D014277,P45984
D000544,P10636
D001259,P10636
D003704,P10636
D057180,P10636
D007859,P10636
D008569,P10636
D019636,P10636
D010300,P10636
D020734,P10636
D020774,P10636
D011595,P10636
D013494,P10636
D024801,P10636
D001927,Q00266
D003711,Q00266
D010523,P11226
D009222,Q9NR56
D002561,P02686
D002561,P13727
D003711,P02686
D003711,P13727
D004681,P02686
D004681,P13727
D009471,P02686
D009471,P13727
D006930,Q01726
D020274,P43121
D009103,P43121
D020078,P43121
D008607,P23508
D009081,Q9GZU1
D008569,P21741
D004827,P51608
D006930,P51608
D008607,P51608
D007859,P51608
D009123,P51608
D009207,P51608
D011596,P51608
D015518,P51608
D012640,P51608
D008607,Q71F56
D004827,Q06413
D008607,Q06413
D013226,Q06413
D020326,Q14814
D009135,Q96KG7
D012148,O00470
D007319,O00470
D020261,Q9HCE5
D008607,Q86XA0
D000690,Q8IWA4
D000690,O95140
D006930,O95140
D008607,Q8NA29
D008831,Q8NA29
D013064,Q8NA29
D009886,Q9BQP7
D001932,P16455
D019636,P10620
D012640,Q86YT6
D001480,Q9BPX6
D007859,Q9BPX6
D009069,Q9BPX6
D009135,Q9BPX6
D008569,P03971
D008569,P14174
D020261,Q9UNW1
D008831,Q75NE6
D003638,O75030
D010523,P46013
D011218,Q13064
D020788,Q9NXB0
D008579,P55197
D018980,Q9NP71
D002607,P08473
D003929,P08473
D020754,P08473
D020521,P39900
D002543,P08253
D002544,P08253
D003929,P08253
D002543,P08254
D006930,P08254
D010523,P08254
D001929,P14780
D001930,P14780
D000070642,P14780
D002545,P14780
D002543,P14780
D002544,P14780
D003929,P14780
D020244,P14780
D013345,P14780
D054221,Q99583
D000690,Q13875
D013494,Q13875
D003711,Q16653
D004681,Q16653
D009290,Q16653
D010243,Q16653
D002607,Q9Y6X9
D012640,O75970
D000544,P05164
D001927,P05164
D001930,P05164
D000070642,P05164
D002545,P05164
D020325,Q15777
D002607,P25189
D015417,P25189
D006930,P25189
D002340,O14807
D000544,Q96JQ5
D020233,Q8N5Y2
D007562,P0C860
D034381,Q8IXL7
D020261,P04731
D007859,P02795
D009069,P02795
D012640,P25713
D010300,Q13330
D009436,P11586
D000544,P42898
D020261,P42898
D002545,P42898
D004314,P42898
D003639,P42898
D056784,P42898
D008591,P42898
D009436,P42898
D010300,P42898
D012851,P42898
D013118,P42898
D016135,P42898
D020521,P42898
D020914,Q13496
D020914,Q8NCE2
D054220,P42345
D020258,P42345
D056784,Q99707
D017237,Q9H3J6
D006712,Q9UBK8
D009157,O15146
D054078,Q03426
D049310,P12883
D001929,P24844
D001929,Q15746
D010523,Q9Y4I1
D052245,Q13402
D018908,Q9UBF9
D049288,Q9UBF9
D010523,Q9UBF9
D020261,Q92802
D008607,Q9BXJ9
D009103,Q96AH0
D019150,P17050
D008607,P54802
D009436,P11245
D009436,Q6N069
D009436,Q9H2H9
D010300,Q86XI2
D002532,P14598
D000090862,P14598
D000544,O43639
D000544,Q92542
D017241,P03886
D029242,P03886
D029242,P03891
D015418,P03905
D029242,P03905
D029242,P03901
D017241,P03915
D029242,P03915
D017241,P03923
D015418,P03923
D029242,P03923
D054082,Q9NXR1
D002546,Q9UN36
D008607,P52848
D054220,P52848
D020739,Q8N183
D006527,P17568
D020261,O95169
D017237,O75306
D007888,O75489
D009896,O75489
D001927,O43181
D007888,O43181
D017237,P19404
D000544,Q92692
D009103,Q92692
D010300,Q92692
D054091,Q96PU5
D009103,Q14511
D010523,P12036
D000690,Q96PY6
D004830,P48681
D020191,Q99519
D004827,Q5QGS0
D008607,P21359
D007859,P21359
D018317,P21359
D009455,P21359
D017253,P21359
D009456,P21359
D008579,P35240
D016518,P35240
D000690,Q16236
D004681,Q16236
D020258,Q16236
D020178,Q16649
D002545,P19838
D002545,P25963
D020271,Q9NPG2
D000647,P01138
D004830,P01138
D009477,P01138
D006930,P01138
D006948,P01138
D020244,P01138
D020961,P01138
D019954,P01138
D019636,P01138
D020078,P01138
D010300,P01138
D020734,P01138
D010523,P01138
D012640,P01138
D013226,P01138
D019636,P08138
D012640,P08138
D020192,Q6VVB1
D020191,Q6VVB1
D003635,Q6KC79
D006311,Q6KC79
D002819,P43699
D009223,P52952
D020521,P52952
D020261,Q96P20
D001259,Q96P20
D009103,Q96P20
D020258,Q96P20
D000070642,Q9HAN9
D019954,Q9HAN9
D009896,Q9HAN9
D016142,Q96S42
D020754,O00567
D002526,P29475
D002526,Q8WY41
D006501,P29475
D006501,Q8WY41
D006930,P29475
D006930,Q8WY41
D019954,P29475
D019954,Q8WY41
D010300,P29475
D010300,Q8WY41
D012640,P29475
D012640,Q8WY41
D013226,P29475
D013226,Q8WY41
D020196,P29475
D020196,Q8WY41
D001929,P35228
D001929,P60321
D000070642,P35228
D000070642,P60321
D002545,P35228
D002545,P60321
D006930,P35228
D006930,P60321
D020925,P35228
D020925,P60321
D020149,P35228
D020149,P60321
D010302,P35228
D010302,P60321
D012640,P35228
D012640,P60321
D013226,P35228
D013226,P60321
D020521,P35228
D020521,P60321
D013345,P35228
D013345,P60321
D000544,P29474
D000544,P60323
D000083242,P29474
D000083242,P60323
D046589,Q9UM47
D011218,Q9NZP6
D021081,Q99743
D001259,O15118
D004401,O15118
D052556,O15118
D009886,O15118
D001930,P16860
D002543,P16860
D006948,P23582
D006948,P0C0P6
D000544,P01303
D002544,P01303
D004827,P01303
D004833,P01303
D006948,P01303
D008569,P01303
D009127,P01303
D019954,P01303
D010523,P01303
D012640,P01303
D009436,P25929
D004827,P49146
D004833,P49146
D020258,P15559
D010300,P15559
D008569,P16083
D020261,P43354
D001932,Q7Z6K4
D018319,P01111
D054000,P01111
D000690,Q14494
D000690,Q16656
D009069,Q02297
D012640,O60462
D012640,Q99435
D008607,P58400
D008607,Q9ULB1
D007805,P58400
D007805,Q9ULB1
D008607,Q96L73
D003929,P20783
D004314,P20783
D004830,P20783
D034381,P20783
D006930,P20783
D013226,P20783
D008607,P34130
D001929,O95631
D019954,O95631
D013345,O95631
D009477,P04629
D020961,P04629
D009437,P04629
D006948,Q16620
D020961,Q16620
D013226,Q16620
D013226,Q16288
D002375,P30990
D006948,P30990
D009127,P30990
D000070642,Q16625
D009800,Q01968
D001927,O15527
D006317,O15527
D006816,O15527
D029241,O60313
D038901,O60890
D004827,P41143
D007024,P41143
D012640,P41145
D018476,P41146
D015526,P35372
D020820,P35372
D018792,P35372
D004827,P35372
D006501,P35372
D006930,P35372
D007024,P35372
D009069,P35372
D009437,P35372
D012640,P35372
D000690,Q96CV9
D020914,Q96D31
D008831,Q13415
D008831,Q9Y619
D001927,P00480
D020163,P00480
D003638,Q9HC10
D003128,P01178
D004830,P01178
D006948,P01178
D009122,P01178
D012640,P01178
D013035,P01178
D013651,P01178
D020258,P51575
D004827,Q9UBL9
D006930,Q9UBL9
D006930,P56373
D020196,P56373
D004827,Q99571
D004833,Q99571
D004833,Q99572
D009103,Q99572
D013119,Q99572
D009290,Q96G91
D039141,Q86U42
D054082,P43034
D010661,P00439
D012640,O75592
D012640,P19021
D019636,Q9BZ23
D006211,Q9BZ23
D020521,Q6QHF9
D010300,Q99497
D020734,Q99497
D001930,P09874
D000070642,P09874
D002545,P09874
D008607,P09874
D010243,P09874
D020734,P09874
D013119,P09874
D020760,P09874
D003638,P23760
D009421,P23760
D009436,P23760
D016135,P23760
D008607,P26367
D009421,P26367
D009901,P26367
D017624,P26367
D015324,P11498
D000544,Q9BZA7
D003638,Q96QU1
D034381,Q96QU1
D052245,Q96QU1
D004827,Q8TAB3
D038901,Q8TAB3
D016135,P22061
D001932,P12004
D016135,P49585
D009103,Q15116
D007859,Q01064
D020521,Q14432
D020261,Q07343
D003117,Q13956
D001480,O95263
D004401,O95263
D009127,O95263
D019636,O95263
D001480,P01127
D016135,P16234
D001480,P09619
D015325,P08559
D015325,P11177
D008607,O00330
D013226,O00764
D000647,P01213
D004409,P01213
D020820,P01213
D006930,P01213
D009069,P01213
D020734,P01213
D012640,P01213
D012678,P01213
D008607,Q9BY49
D020261,Q96FA3
D004409,P01210
D009290,P01210
D052919,O43933
D015211,O43933
D015211,O60683
D015211,O00623
D000326,Q92968
D015211,Q92968
D015211,O75381
D015211,Q9Y5Y5
D015211,P40855
D052919,P28328
D015211,P28328
D000326,Q7Z412
D052919,Q7Z412
D015211,Q7Z412
D015211,P56589
D008607,Q13608
D015211,Q13608
D012035,O00628
D020261,Q16875
D006014,P08237
D001930,O75594
D008579,P06401
D000544,O00264
D020214,Q9C0D0
D020326,Q9C0D0
D008607,Q8WWQ0
D012035,O14832
D020261,O75925
D000544,Q13492
D012640,Q9H3S5
D054220,P42336
D000544,Q9UKJ1
D010300,Q9BXM7
D020734,Q9BXM7
D020521,Q99697
D009461,O75364
D003638,Q0ZLH3
D019636,Q13563
D019636,Q9BZL6
D000690,P47712
D020521,Q13093
D001037,P00750
D001929,P00750
D020520,P00750
D002545,P00750
D002543,P00750
D002544,P00750
D006408,P00750
D020244,P00750
D002542,P00750
D020300,P00750
D020767,P00750
D000083242,P00750
D008590,P00750
D009461,P00750
D020258,P00750
D010291,P00750
D013117,P00750
D020521,P00750
D020301,P00750
D000544,P00749
D001929,P00749
D002545,P00749
D002340,P00749
D002543,P00749
D002544,P00749
D002561,P00749
D020244,P00749
D002542,P00749
D020300,P00749
D000083242,P00749
D020225,P00749
D020521,P00749
D000544,P16885
D020244,Q13393
D008831,O00444
D004681,P60201
D020371,P60201
D012640,Q8TBJ4
D008607,O15305
D002607,Q01453
D002607,Q9NR77
D003711,Q01453
D003711,Q9NR77
D004831,Q01453
D004831,Q9NR77
D020275,Q01453
D020275,Q9NR77
D015417,Q01453
D015417,Q9NR77
D018908,Q01453
D018908,Q9NR77
D010292,Q01453
D010292,Q9NR77
D010523,Q01453
D010523,Q9NR77
D011782,Q01453
D011782,Q9NR77
D012021,Q01453
D012021,Q9NR77
D015173,P54278
D008831,Q96T60
D012640,Q96T60
D006930,Q13519
D007859,Q13519
D008569,Q13519
D020078,Q13519
D020734,Q13519
D020261,P00491
D020261,P01298
D007849,Q8IY17
D016472,Q8IY17
D010523,Q8IY17
D011115,Q8IY17
D015419,Q8IY17
D013226,Q9NVS9
D002340,O00592
D003638,P28340
D002549,P54098
D004827,P54098
D017246,P54098
D020734,P54098
D012640,P54098
D008607,Q9NW08
D000647,P01189
D002375,P01189
D002543,P01189
D002547,P01189
D004831,P01189
D004827,P01189
D004830,P01189
D005158,P01189
D009103,P01189
D009157,P01189
D020078,P01189
D053578,P01189
D047748,P01189
D012148,P01189
D012640,P01189
D012893,P01189
D013036,P01189
D058494,Q8WZA1
D058494,Q8NAT1
D058494,Q9H5K3
D058494,Q9Y6A1
D058494,Q9UKY4
D000690,P27169
D001932,P27169
D020258,P27169
D010302,P27169
D016135,P27169
D007859,P16435
D020388,Q15063
D004393,P28069
D004681,Q07869
D009135,Q07869
D010523,Q03181
D000544,P37231
D021081,P37231
D047748,P37231
D013345,P37231
D000690,Q9UBK2
D020961,Q9UBK2
D010300,Q9UBK2
D000690,Q86YN6
D020295,O15297
D008375,Q8N3J5
D013119,O75807
D002375,Q9UD71
D020820,Q9UD71
D020754,Q00005
D001930,Q08209
D006527,Q08209
D006527,P16298
D038901,O60828
D008831,O60828
D015419,O60828
D000699,Q9H4Q4
D008881,Q9HAZ2
D020191,Q9NQV8
D004314,P32119
D016472,P30048
D004314,P30041
D000647,P48147
D000647,Q5JRX3
D000648,P48147
D000648,Q5JRX3
D020294,Q4J6C6
D029242,O43900
D009136,Q86XR5
D020521,P54646
D009133,P10644
D020258,Q05655
D020734,Q05655
D012640,Q05655
D006930,Q02156
D010523,Q02156
D006930,P05129
D008607,P05129
D020754,P05129
D014277,P05129
D000083242,C0HM02
D000083242,P24723
D006930,Q05513
D006501,P78527
D009437,Q13976
D007859,O60260
D020149,O60260
D008569,O60260
D010300,O60260
D010302,O60260
D020734,O60260
D004421,O75569
D020821,O75569
D006311,O75569
D008607,O75569
D020734,O75569
D001480,P01236
D001480,P40424
D002375,P01236
D002375,P40424
D049912,P01236
D049912,P40424
D006966,P01236
D006966,P40424
D007018,P01236
D007018,P40424
D008569,P01236
D008569,P40424
D020734,P01236
D020734,P40424
D010911,P01236
D010911,P40424
D015175,P01236
D015175,P40424
D006966,P16471
D000544,F7VJQ1
D000544,P04156
D007562,F7VJQ1
D007562,P04156
D016098,F7VJQ1
D016098,P04156
D006527,F7VJQ1
D006527,P04156
D034062,F7VJQ1
D034062,P04156
D007729,F7VJQ1
D007729,P04156
D009103,F7VJQ1
D009103,P04156
D020191,F7VJQ1
D020191,P04156
D017096,F7VJQ1
D017096,P04156
D012608,F7VJQ1
D012608,P04156
D002544,P04070
D006930,Q9HC23
D006930,Q8TCW9
D020225,P07225
D020521,Q6P2Q9
D008607,Q7Z6L0
D003711,P54821
D009436,Q16651
D015417,Q9BXM0
D000544,P49768
D017772,P49768
D057180,P49768
D007859,P49768
D008569,P49768
D019636,P49768
D020774,P49768
D000544,P49810
D010523,P20618
D001932,Q13635
D008607,Q96NR3
D038901,Q96NR3
D008607,P60484
D007805,P60484
D008579,P60484
D002526,Q7RTS3
D006930,P34995
D020258,Q15185
D006930,P23219
D012892,P23219
D000690,P35354
D001930,P35354
D000070642,P35354
D002545,P35354
D006930,P35354
D020078,P35354
D012640,P35354
D013226,P35354
D020521,P35354
D006930,P12272
D000544,Q14289
D013226,Q14289
D015518,P18031
D012148,P23468
D020261,O75364
D020261,P26022
D004827,Q00577
D012640,P20472
D011051,P15151
D009135,P11217
D000544,P10082
D009436,P10082
D010661,P09417
D003711,Q96PU8
D004827,Q96DA2
D008607,Q96DA2
D038901,Q96DA2
D038901,P0C0E4
D008607,Q3YEC7
D003635,O60216
D006930,P04049
D020920,Q7Z5J4
D008607,Q7Z5J4
D019954,Q7Z5J4
D011595,Q7Z5J4
D058496,Q7Z5J4
D008607,Q12967
D004831,Q9Y4G8
D009135,Q13702
D020426,P10276
D020426,P10826
D004409,Q13972
D002545,P06400
D012640,Q9NWB1
D020754,Q96I25
D009103,Q06330
D004314,P53805
D006816,P53805
D012640,Q8WVC0
D018476,Q04864
D008569,Q04864
D014202,Q04864
D000070642,Q04206
D002545,Q04206
D001932,Q04206
D013345,Q04206
D000544,P78509
D012640,Q13127
D013226,P07949
D009477,Q9H6L5
D000071699,P35251
D000071699,P41440
D002524,P35251
D002524,P41440
D015417,P35251
D015417,P41440
D020261,P48380
D020261,Q08116
D010302,P41220
D008607,P49802
D020521,P49802
D004409,O75916
D056784,P61586
D020752,P61586
D010523,Q9BYZ6
D020258,Q93091
D001927,O00584
D009103,Q9NV58
D020178,P51449
D001766,Q16518
D020417,Q16518
D029242,Q16518
D034381,Q92834
D009759,Q96KN7
D002526,Q68CZ1
D010300,P50914
D010300,P62750
D002524,P46776
D010300,Q02878
D038921,P51812
D011596,P51812
D010300,P62241
D009436,P23921
D017240,Q7LG56
D009123,Q7LG56
D020754,Q92622
D020261,Q7L099
D020426,P19793
D058494,Q9Y2B1
D020914,P21817
D020512,P21817
D020301,P23297
D020301,P26447
D020244,P33763
D020301,P06703
D001929,P04271
D001930,P04271
D000070625,P04271
D001932,P04271
D002543,P04271
D004314,P04271
D006501,P04271
D020262,P04271
D020301,P04271
D020191,Q9NZJ4
D004370,Q9UJQ4
D004831,Q8N8I0
D014786,Q6SZW1
D008607,O75845
D008607,Q9BY12
D000690,Q8WVM8
D006930,Q9Y5Y9
D009437,Q9Y5Y9
D006930,Q9UI33
D000699,Q9UI33
D004831,P35498
D004827,P35498
D004829,P35498
D008607,P35498
D009069,P35498
D003294,P35498
D003294,Q07699
D004827,Q99250
D003294,Q99250
D017029,Q9NY46
D020514,P35499
D020294,P35499
D009222,P35499
D009224,P35499
D020967,P35499
D020513,P35499
D001259,Q9UQD0
D002524,Q9UQD0
D004827,Q9UQD0
D008607,Q9UQD0
D051474,Q9UQD0
D013226,Q9UQD0
D014202,Q9UQD0
D009437,Q15858
D051474,Q15858
D001927,O75880
D020739,O43819
D017237,O43819
D004421,O14595
D004421,P22307
D004421,Q9BX26
D056784,O14595
D056784,P22307
D056784,Q9BX26
D011115,O14595
D011115,P22307
D011115,Q9BX26
D020754,Q96KG9
D015140,A6NFY7
D006527,Q9NX18
D002545,P16581
D009103,P16581
D009136,Q9NZV5
D019636,P49908
D004827,P63302
D019954,P16109
D019954,P49908
D012640,Q9HC62
D020968,Q9UHD8
D003638,Q96JX3
D004421,Q96JX3
D019636,P01009
D010523,P05120
D001930,P01008
D002543,P01008
D006259,P01008
D020767,P01008
D002341,P05546
D020244,P50454
D020191,Q99574
D008607,Q9Y6X0
D007805,Q9Y6X0
D020261,P23246
D058088,Q16586
D003929,O00141
D021081,Q5FBB7
D020521,Q9UQQ2
D020521,Q5TCZ1
D034381,A1X283
D008607,Q9UPX8
D008607,Q9BYB0
D007805,Q9BYB0
D016142,Q15465
D010302,Q15465
D000647,Q99720
D000690,Q99720
D004681,Q99720
D057174,Q99720
D007859,Q99720
D008569,Q99720
D012640,Q99720
D013132,Q9H173
D061085,Q96ST3
D006849,Q96ST3
D008607,Q96ST3
D008831,Q96ST3
D020520,Q96EB6
D001932,Q96EB6
D003711,Q96EB6
D004681,Q96EB6
D019636,Q96EB6
D010243,Q96EB6
D016142,O95343
D009436,P12755
D020261,P12757
D009896,Q14493
D008585,P49279
D009103,P49279
D004827,P55011
D004833,P55011
D009069,P55011
D004827,Q9H2X9
D004833,Q9H2X9
D006930,Q9H2X9
D012640,Q9H2X9
D013226,Q9H2X9
D010523,Q9UHW9
D029461,Q9NRA2
D007859,Q9P2U8
D008569,Q9P2U8
D007859,Q9P2U7
D008569,Q9P2U7
D012640,Q9P2U7
D010300,Q05940
D010302,Q05940
D020734,Q05940
D020294,Q16572
D004314,P41440
D001480,Q9BZV2
D001927,P43005
D004827,P43005
D004833,P43005
D054220,P43005
D012640,P43005
D000690,P43004
D004827,P43004
D004827,P43003
D001480,Q08357
D020300,Q9UGH3
D020300,Q9UHI7
D002607,Q96AG3
D009896,Q96AG3
D034381,O43511
D006319,O43511
D003638,P58743
D034381,P58743
D020270,Q99808
D006816,Q99808
D034381,Q9BZD2
D001259,P11166
D008607,P11166
D008831,P11166
D012640,P11166
D010300,Q8TDB8
D000544,P14672
D012640,Q9Y6M5
D004421,Q6XR72
D020149,Q6XR72
D010300,Q6XR72
D020734,Q6XR72
D000544,O14863
D000544,Q6NXT4
D008607,O15431
D020149,O15431
D034381,O00400
D010300,Q96QD8
D018476,Q15043
D020149,Q15043
D020149,Q9C0K1
D004827,Q6U841
D017034,Q6U841
D008607,Q6U841
D019586,Q6U841
D010244,Q9NQ40
D020294,Q9GZV3
D000690,P30531
D004827,P30531
D012640,P30531
D006250,Q695T7
D054971,P23975
D012640,P23975
D000430,Q01959
D020270,Q01959
D003704,Q01959
D004410,Q01959
D006948,Q01959
D008569,Q01959
D010300,Q01959
D012893,Q01959
D013981,Q01959
D008569,P31645
D001927,P23975
D001927,Q9Y345
D038901,P48029
D012640,P32418
D013226,P32418
D012640,P57103
D013226,P57103
D003704,Q9Y2E8
D009135,Q9Y6L6
D004833,O94813
D005879,Q96PX8
D003638,Q13485
D009135,Q13485
D000690,P51532
D008579,Q969G3
D003635,Q14683
D004827,Q14683
D003635,Q9UQE7
D009134,Q16637
D014897,Q16637
D009134,Q16637
D014897,Q16637
D001932,Q99835
D001932,Q9NWM0
D008579,Q99835
D008579,Q9NWM0
D020244,Q9NWM0
D020521,Q9NWM0
D009542,P17405
D052536,P17405
D052537,P17405
D004827,P60880
D020294,P60880
D020879,P60880
D020323,P60880
D001259,P37840
D005776,P37840
D006527,P37840
D020961,P37840
D020149,P37840
D019954,P37840
D019636,P37840
D010300,P37840
D010302,P37840
D020734,P37840
D000080874,P37840
D020961,Q16143
D006948,O76070
D020258,Q9BXW3
D017204,P63162
D013226,Q13424
D002524,Q9Y5W7
D008607,Q9Y5W7
D020754,Q9Y5W7
D009290,O14508
D000690,P00441
D002545,P00441
D004314,P00441
D020233,P00441
D034381,P00441
D002546,P00441
D017241,P00441
D008591,P00441
D016472,P00441
D018908,P00441
D009133,P00441
D017246,P00441
D010243,P00441
D010300,P00441
D012608,P00441
D013119,P00441
D020521,P00441
D000326,P04179
D000544,P04179
D000690,P04179
D020261,P04179
D001930,P04179
D002545,P04179
D001932,P04179
D002493,P04179
D055577,P04179
D020244,P04179
D002546,P04179
D020961,P04179
D017241,P04179
D008591,P04179
D019636,P04179
D017246,P04179
D010300,P04179
D010523,P04179
D012640,P04179
D002607,Q00796
D020261,P35713
D001259,P48431
D001932,P48431
D010523,P57073
D006930,P09486
D004827,Q14515
D010264,Q9UQ90
D020244,Q9NRA0
D008569,Q9NRA0
D009436,O43291
D001932,P10451
D001932,Q9BX95
D016893,P10451
D016893,Q9BX95
D002543,P10451
D002543,Q9BX95
D056784,P10451
D056784,Q9BX95
D009421,Q7Z699
D009456,Q7Z699
D000544,Q7Z698
D019636,Q13813
D020754,O15020
D000690,Q13501
D013119,Q13501
D013226,P12931
D007562,Q9H8P0
D008607,Q9H8P0
D008607,O43295
D020261,Q9UHB9
D006311,A7MD48
D013494,Q01130
D020258,Q13243
D000690,O75177
D020261,Q04837
D012640,P61278
D013226,P30872
D012640,P30874
D013226,P30874
D013226,P32745
D013226,P31391
D013226,P35346
D020258,Q92185
D008607,Q8WVM7
D008607,Q969W9
D001927,O95630
D004827,O95630
D008831,O95630
D034381,P42224
D002545,P40763
D020244,P40763
D008569,P40763
D009103,Q14765
D009223,O95793
D020914,Q13586
D008607,Q9BX79
D020754,Q9UNE7
D004827,P61266
D003294,P61266
D013494,O43752
D004831,P61764
D004827,P61764
D002341,Q15833
D008881,Q9HAC7
D009436,P50225
D052517,Q8NBK3
D055948,Q8IYB8
D008607,Q15526
D007888,Q15526
D018317,Q15022
D009455,Q15022
D006930,Q92777
D012640,Q92777
D020389,Q8NF91
D020389,Q8WXH0
D004827,Q96PV0
D008607,Q96PV0
D007859,P08247
D008569,P08247
D038901,P08247
D009103,Q8N2H4
D020754,Q8NB59
D020294,Q8N9I0
D000647,P20366
D006930,P20366
D020326,P20366
D009290,P20366
D009437,P20366
D020078,P20366
D007888,Q9BSH4
D006930,P25103
D020078,P25103
D020261,Q9H5J8
D008607,Q6P1X5
D010300,P37837
D006317,Q7L7X3
D000690,Q13148
D057174,Q13148
D019636,Q13148
D009220,P26639
D020176,P17735
D020191,Q9ULP9
D008607,Q9BTW9
D054220,Q9BTW9
D008831,Q9BTW9
D018908,Q9BTW9
D019636,Q9BTW9
D009896,Q9BTW9
D011782,Q9BTW9
D012640,Q9BTW9
D020521,O15119
D009436,O15178
D008831,P15884
D008831,Q9NQB0
D010523,P15884
D010523,Q9NQB0
D012640,P15884
D012640,Q9NQB0
D006930,Q9NQB0
D010300,O95988
D056784,P20062
D020754,O95551
D019150,O15040
D020336,O15040
D015419,O15040
D004833,Q02763
D003410,O14746
D000544,P02787
D012148,P02787
D000544,Q00059
D010302,Q00059
D001927,P01137
D003929,P01137
D004827,P01137
D009135,P01137
D020388,P01137
D054038,P01137
D020521,P01137
D001932,P37173
D008881,P37173
D016142,Q15583
D020258,P22735
D001932,P21980
D020754,O95932
D001927,P07101
D002375,P07101
D004409,P07101
D004421,P07101
D006948,P07101
D008607,P07101
D007859,P07101
D020961,P07101
D010300,P07101
D020734,P07101
D004421,Q9NVV9
D020821,Q9NVV9
D006930,P07204
D020803,Q8IUC6
D001930,Q86XR7
D006527,P01033
D020258,P35625
D002526,Q9BSI4
D034381,Q9UDY2
D014899,P29401
D014899,Q16832
D001930,Q15399
D001930,O60603
D020803,O15455
D001930,O00206
D003929,O00206
D034381,O00206
D007859,O00206
D000090862,O00206
D001930,Q9NR96
D008607,Q9UM00
D057174,Q9NUM4
D008607,Q86UB9
D010300,Q96A57
D020389,Q9BTV4
D020788,Q5HYA8
D017237,Q9BUB7
D003638,Q8N394
D054082,Q6ZXV5
D000544,P01375
D020261,P01375
D001929,P01375
D001930,P01375
D000070642,P01375
D002545,P01375
D003882,P01375
D006501,P01375
D006527,P01375
D006930,P01375
D020149,P01375
D017240,P01375
D009133,P01375
D009437,P01375
D020078,P01375
D000090862,P01375
D010300,P01375
D017285,P01375
D013117,P01375
D013226,P01375
D020521,P01375
D013345,P01375
D014277,P01375
D009103,P21580
D020261,P98066
D020244,P98066
D010523,O00220
D016893,O00300
D006930,O00300
D001930,O14836
D001930,Q96RJ3
D001930,Q92956
D001930,P19438
D002545,P19438
D009103,P19438
D002545,P20333
D000690,O75509
D001930,P50591
D001930,O43508
D009103,O43557
D009437,P32971
D020261,Q9UKE5
D009135,P48788
D006009,P45379
D004831,Q8NDV7
D000544,O96008
D004421,O14656
D020821,O14656
D000690,P04637
D020261,P04637
D002545,P04637
D002340,P04637
D016543,P04637
D003711,P04637
D020288,P04637
D000544,P60174
D009468,P60174
D020879,P60174
D020914,P06753
D000544,O14773
D000544,P49638
D000544,Q96AP0
D009472,O14773
D009472,P49638
D009472,Q96AP0
D054969,Q15661
D009290,P0DSE1
D009290,P0DTU3
D020261,Q13595
D013494,P62995
D009103,Q13077
D020803,Q13114
D001930,Q9BUZ4
D008831,Q9BWF2
D020261,P48553
D000544,Q9NZC2
D003704,Q9NZC2
D001927,Q9NSU2
D000647,P20396
D002375,P20396
D020207,P20396
D007859,P20396
D009290,P20396
D012640,P20396
D053608,P20396
D014202,P20396
D014474,P20396
D000757,Q9NQ86
D009133,Q969Q1
D008607,O75648
D008607,Q9NXH9
D017243,Q6NT89
D006930,O75762
D020754,Q13507
D010300,O94759
D010243,Q96QT4
D008881,Q7Z2W7
D020326,Q7Z2W7
D004833,Q8NER1
D006930,Q8NER1
D002607,Q9HBA0
D006930,Q9HBA0
D009134,Q9HBA0
D001927,Q92574
D004827,Q92574
D020191,Q92574
D012640,Q92574
D013036,Q92574
D014402,Q92574
D001927,P49815
D004827,P49815
D012640,P49815
D013036,P49815
D014402,P49815
D008607,Q8NCE0
D008831,Q8NCE0
D009069,Q8NCE0
D014786,Q8NCE0
D008607,Q9BSV6
D008831,Q9BSV6
D009069,Q9BSV6
D014786,Q9BSV6
D008607,Q7Z6J9
D008831,Q7Z6J9
D009069,Q7Z6J9
D014786,Q7Z6J9
D020820,P43897
D003128,P01222
D000544,Q8NG11
D020521,O60636
D006501,B1AH88
D006501,P30536
D020754,Q6IQ55
D020233,Q6DKK2
D019636,Q6DKK2
D008607,Q6NXR4
D049310,Q8WZ42
D018908,Q8WZ42
D009135,Q8WZ42
D006311,P49638
D009133,P49638
D012021,P49638
D020886,P49638
D013064,P49638
D014786,P49638
D028227,P02766
D002349,P02766
D000690,P68366
D007562,Q13885
D054220,Q9BVA1
D054220,P23258
D008831,P23258
D016142,Q9GZX9
D006849,P10599
D016135,Q99757
D004827,Q16881
D009103,P29597
D001927,P04818
D020754,Q9GZZ9
D000690,P0CG47
D020261,P51965
D017204,Q05086
D004827,Q05086
D000070642,O95155
D019954,O95155
D020300,Q9Y5Z9
D008607,Q8N806
D010523,P09936
D001930,P55851
D002545,P55851
D020521,P55851
D007647,P22309
D000690,Q9UPW8
D010243,Q8IWX7
D013345,Q8IZJ1
D020803,Q9H1C4
D010300,Q16831
D013036,Q9UBR1
D038901,Q9BZI7
D001259,Q96N76
D008607,Q96N76
D034381,Q495M9
D020261,O60763
D020261,Q92995
D003929,Q9Y4E8
D049913,P40818
D047748,P40818
D009069,O95399
D009436,Q8TAA9
D009436,Q9ULK5
D016135,Q9ULK5
D009103,P19320
D018908,P55072
D004827,P21796
D017240,P21796
D011596,P21796
D004827,P45880
D004833,P11473
D000083242,P11473
D009103,P11473
D000544,P15692
D001930,P15692
D001932,P15692
D002543,P15692
D004833,P15692
D020925,P15692
D007859,P15692
D008569,P15692
D013119,P15692
D013226,P15692
D009103,P40337
D006623,P40337
D016472,P08670
D019636,P08670
D004314,P01282
D006930,P01282
D008607,P01282
D020521,Q9BQB6
D054546,Q96RL7
D010300,Q96QK1
D008607,Q99986
D000544,P62760
D001308,Q9NZR4
D004652,Q9NZR4
D020754,Q502W6
D020767,P04275
D004827,Q9Y484
D008607,Q5MNZ6
D008607,O43379
D054220,O43379
D008831,O43379
D014929,O76024
D020521,Q93097
D017624,P19544
D000544,Q9NZC7
D020754,Q9NZC7
D009133,Q9GZV5
D004681,P17861
D009103,P17861
D013119,P17861
D020244,P47989
D009069,P51811
D054546,P51811
D009468,P51811
D010523,P51811
D001480,Q9UBH6
D001932,P46937
D008607,P25490
D008607,Q9NUA8
D008831,Q9NQZ6
D020521,Q8WYQ9
D008607,Q6NZY4
D002526,O60315
D020261,Q6FIF0
D000083242,Q15911
D020521,Q15911
D009436,O95409
D009436,Q96T25
D008607,Q9UBW7
D020261,Q14586
D009103,Q14586
D020261,Q9NQX6
D038901,P51814
D008607,Q8TF50
D038901,Q2M3X9
D038901,Q9Y462
